date,quarter,department,day,team,targeted_productivity,smv,wip,over_time,incentive,idle_time,idle_men,no_of_style_change,no_of_workers,actual_productivity,split
1/1/2015,Quarter1,sweing,Thursday,8,0.8,26.16,1108,7080,98,0,0,0,59,0.940725424,0.2309905105
1/1/2015,Quarter1,sweing,Thursday,3,0.75,28.08,795,6900,45,0,0,0,57.5,0.753683478,0.08961075504
1/1/2015,Quarter1,sweing,Thursday,2,0.75,19.87,733,6000,34,0,0,0,55,0.753097531,-0.3432372228
1/1/2015,Quarter1,sweing,Thursday,1,0.75,28.08,681,6900,45,0,0,0,57.5,0.750427826,0.2701862176
1/1/2015,Quarter1,sweing,Thursday,9,0.7,28.08,872,6900,44,0,0,0,57.5,0.721126957,-0.03636563251
1/1/2015,Quarter1,sweing,Thursday,10,0.75,19.31,578,6480,45,0,0,0,54,0.712205247,-0.322635283
1/1/2015,Quarter1,sweing,Thursday,5,0.8,11.41,668,3660,50,0,0,0,30.5,0.707045902,-0.2203636037
1/1/2015,Quarter1,finishing,Thursday,10,0.65,3.94,,960,0,0,0,0,8,0.705916667,-1.073404425
1/1/2015,Quarter1,finishing,Thursday,4,0.75,3.94,,2160,0,0,0,0,18,0.593055556,-1.345831334
1/1/2015,Quarter1,finishing,Thursday,7,0.8,2.9,,960,0,0,0,0,8,0.540729167,1.377344567
1/1/2015,Quarter1,sweing,Thursday,4,0.65,23.69,861,7200,0,0,0,0,60,0.52118,0.4875506551
1/3/2015,Quarter1,finishing,Saturday,4,0.8,4.15,,6600,0,0,0,0,20,0.988024691,0.2212833451
1/3/2015,Quarter1,finishing,Saturday,11,0.75,2.9,,5640,0,0,0,0,17,0.987880435,-2.581334729
1/3/2015,Quarter1,finishing,Saturday,9,0.8,4.15,,960,0,0,0,0,8,0.956270833,1.979433882
1/3/2015,Quarter1,finishing,Saturday,3,0.75,3.94,,1560,0,0,0,0,8,0.945277778,0.5521183013
1/3/2015,Quarter1,finishing,Saturday,1,0.8,3.94,,960,0,0,0,0,8,0.902916667,-0.1124847211
1/3/2015,Quarter1,sweing,Saturday,1,0.8,28.08,772,6300,50,0,0,0,56.5,0.800725314,-0.7586890601
1/3/2015,Quarter1,sweing,Saturday,8,0.8,26.16,1261,7080,50,0,0,0,59,0.800318644,-0.4430937292
1/3/2015,Quarter1,sweing,Saturday,12,0.8,26.16,844,7080,63,0,0,0,59,0.800318644,0.722410378
1/3/2015,Quarter1,sweing,Saturday,11,0.8,11.61,1005,7080,50,0,0,0,29.5,0.800237288,1.28370787
1/3/2015,Quarter1,sweing,Saturday,5,0.8,11.61,659,7080,50,0,0,0,31.5,0.800148649,0.1215430896
1/3/2015,Quarter1,sweing,Saturday,6,0.8,25.9,1152,6720,50,0,0,0,56,0.800125,0.08922753909
1/3/2015,Quarter1,sweing,Saturday,7,0.8,25.9,1138,6720,38,0,0,0,56,0.800125,0.3273385534
1/3/2015,Quarter1,sweing,Saturday,10,0.75,19.31,610,6480,56,0,0,0,54,0.787299691,1.894052646
1/3/2015,Quarter1,sweing,Saturday,9,0.7,28.08,1072,6900,40,0,0,0,57.5,0.699965217,-0.8614751694
1/4/2015,Quarter1,finishing,Sunday,9,0.8,3.94,,960,0,0,0,0,8,0.931645833,-0.9083496715
1/4/2015,Quarter1,finishing,Sunday,1,0.8,3.94,,960,0,0,0,0,8,0.915229167,-0.7463959481
1/4/2015,Quarter1,sweing,Sunday,6,0.8,11.61,539,6975,50,0,0,0,31,0.879714482,0.3590812172
1/4/2015,Quarter1,finishing,Sunday,4,0.8,3.94,,6600,0,0,0,0,20,0.861679012,-0.8680153209
1/4/2015,Quarter1,sweing,Sunday,9,0.8,26.16,1278,7080,60,0,0,0,59,0.850569492,-0.5148744243
1/4/2015,Quarter1,sweing,Sunday,8,0.8,25.9,1039,6780,45,0,0,0,56.5,0.850345133,-1.012383979
1/4/2015,Quarter1,sweing,Sunday,4,0.8,28.08,878,4260,50,0,0,0,55.5,0.800598058,0.8806893377
1/4/2015,Quarter1,sweing,Sunday,2,0.8,28.08,782,6660,50,0,0,0,55.5,0.800237838,-1.536550193
1/4/2015,Quarter1,finishing,Sunday,2,0.8,3.94,,960,0,0,0,0,8,0.792104167,-1.713678427
1/4/2015,Quarter1,finishing,Sunday,10,0.7,3.94,,4320,0,0,0,0,18,0.759228395,0.9492653306
1/4/2015,Quarter1,sweing,Sunday,11,0.75,19.31,513,6480,45,0,0,0,54,0.750348457,-0.01750332554
1/4/2015,Quarter1,sweing,Sunday,3,0.75,19.87,734,6600,45,0,0,0,55,0.75024303,-1.342456732
1/4/2015,Quarter1,sweing,Sunday,10,0.7,28.08,1202,6900,40,0,0,0,57.5,0.699965217,1.065402131
1/4/2015,Quarter1,finishing,Sunday,8,0.8,2.9,,960,0,0,0,0,8,0.682708333,-1.286221557
1/4/2015,Quarter1,finishing,Sunday,7,0.8,2.9,,960,0,0,0,0,8,0.667604167,-0.04681044735
1/4/2015,Quarter1,sweing,Sunday,5,0.7,45.67,884,6960,26,0,0,0,58,0.603432184,-0.7704282094
1/4/2015,Quarter1,finishing,Sunday,11,0.75,4.15,,960,0,0,0,0,8,0.345833333,-0.101106385
1/5/2015,Quarter1,finishing,Monday,1,0.8,3.94,,1920,0,0,0,0,8,0.961059028,-1.11588827
1/5/2015,Quarter1,finishing,Monday,4,0.8,3.94,,3840,0,0,0,0,16,0.893663194,0.9326745635
1/5/2015,Quarter1,finishing,Monday,3,0.75,4.15,,1920,0,0,0,0,8,0.875390625,-0.0395344182
1/5/2015,Quarter1,sweing,Monday,9,0.8,26.16,1227,7080,75,0,0,0,59,0.850569492,-0.04421135705
1/5/2015,Quarter1,finishing,Monday,9,0.8,2.9,,1920,0,0,0,0,8,0.820833333,-0.3836021485
1/5/2015,Quarter1,sweing,Monday,7,0.8,25.9,1255,6780,50,0,0,0,56.5,0.800684366,-0.2930777559
1/5/2015,Quarter1,sweing,Monday,8,0.8,25.9,1047,6780,38,0,0,0,56.5,0.800684366,0.3314955616
1/5/2015,Quarter1,sweing,Monday,1,0.8,26.16,1138,7080,63,0,0,0,59,0.800318644,-0.03571986012
1/5/2015,Quarter1,sweing,Monday,11,0.8,19.31,678,4800,50,0,0,0,55,0.800250962,0.159093552
1/5/2015,Quarter1,sweing,Monday,6,0.8,11.61,712,7200,50,0,0,0,32,0.800246011,0.9567386076
1/5/2015,Quarter1,sweing,Monday,12,0.8,11.61,1037,7200,50,0,0,0,32,0.800246011,-0.4492517806
1/5/2015,Quarter1,sweing,Monday,2,0.8,28.08,757,6900,50,0,0,0,57.5,0.800076522,-0.06065796157
1/5/2015,Quarter1,sweing,Monday,4,0.8,28.08,759,6900,50,0,0,0,57.5,0.800076522,-0.6356512224
1/5/2015,Quarter1,finishing,Monday,5,0.6,2.9,,960,0,0,0,0,8,0.759270833,-1.57740295
1/5/2015,Quarter1,sweing,Monday,10,0.75,28.08,1083,7020,45,0,0,0,58.5,0.7504,-0.5195684771
1/5/2015,Quarter1,sweing,Monday,3,0.75,19.87,944,6600,45,0,0,0,55,0.75024303,-0.7847626659
1/5/2015,Quarter1,finishing,Monday,7,0.8,3.94,,960,0,0,0,0,8,0.676666667,-1.360010069
1/5/2015,Quarter1,finishing,Monday,8,0.8,2.9,,960,0,0,0,0,8,0.664583333,0.6671465011
1/5/2015,Quarter1,sweing,Monday,5,0.6,21.98,666,6960,23,0,0,0,58,0.600028736,0.1261760472
1/6/2015,Quarter1,finishing,Tuesday,4,0.8,3.94,,4440,0,0,0,0,18,0.966781346,0.5983921819
1/6/2015,Quarter1,finishing,Tuesday,1,0.8,3.94,,1440,0,0,0,0,8,0.936496212,0.1471763221
1/6/2015,Quarter1,finishing,Tuesday,3,0.75,4.15,,1800,0,0,0,0,10,0.899166667,0.08399874667
1/6/2015,Quarter1,finishing,Tuesday,11,0.8,4.15,,2700,0,0,0,0,15,0.888686869,-0.6731542522
1/6/2015,Quarter1,finishing,Tuesday,9,0.8,3.94,,1440,0,0,0,0,8,0.858143939,-1.693288788
1/6/2015,Quarter1,sweing,Tuesday,1,0.8,26.16,1187,10620,75,0,0,0,59,0.850502311,-1.764503698
1/6/2015,Quarter1,sweing,Tuesday,9,0.8,26.16,1305,10620,75,0,0,0,59,0.850502311,0.3770116581
1/6/2015,Quarter1,finishing,Tuesday,10,0.75,3.94,,1440,0,0,0,0,8,0.809640152,0.7845716692
1/6/2015,Quarter1,finishing,Tuesday,2,0.8,3.94,,1440,0,0,0,0,8,0.805909091,-0.8162225819
1/6/2015,Quarter1,sweing,Tuesday,2,0.8,28.08,716,10350,50,0,0,0,57.5,0.800594466,-0.8584434572
1/6/2015,Quarter1,sweing,Tuesday,3,0.8,19.87,963,9900,50,0,0,0,55,0.800273829,0.09121067909
1/6/2015,Quarter1,sweing,Tuesday,7,0.8,25.9,1035,10170,38,0,0,0,56.5,0.800128721,-0.436025471
1/6/2015,Quarter1,sweing,Tuesday,10,0.75,28.08,1209,10530,45,0,0,0,58.5,0.750545455,-2.380917406
1/6/2015,Quarter1,sweing,Tuesday,11,0.75,19.31,590,9900,45,0,0,0,55,0.750057851,1.583103991
1/6/2015,Quarter1,finishing,Tuesday,8,0.8,2.9,,1440,0,0,0,0,8,0.681060606,0.4458149964
1/6/2015,Quarter1,sweing,Tuesday,5,0.65,21.98,808,10440,35,0,0,0,58,0.649983281,-0.5437086748
1/6/2015,Quarter1,finishing,Tuesday,7,0.8,2.9,,1440,0,0,0,0,8,0.61625,-1.269543284
1/7/2015,Quarter1,finishing,Wednesday,1,0.8,3.94,,1440,0,0,0,0,8,0.951420455,-0.4779671411
1/7/2015,Quarter1,sweing,Wednesday,1,0.8,26.16,1179,10620,75,0,0,0,59,0.850502311,-0.6495007415
1/7/2015,Quarter1,sweing,Wednesday,9,0.8,26.16,1324,10620,75,0,0,0,59,0.850502311,1.609357528
1/7/2015,Quarter1,sweing,Wednesday,8,0.8,25.9,1135,10170,60,0,0,0,56.5,0.850136766,1.573561473
1/7/2015,Quarter1,finishing,Wednesday,3,0.75,4.15,,2700,0,0,0,0,15,0.83,0.9024005851
1/7/2015,Quarter1,finishing,Wednesday,2,0.8,3.94,,1440,0,0,0,0,8,0.813371212,-0.2575572974
1/7/2015,Quarter1,finishing,Wednesday,10,0.75,3.94,,1440,0,0,0,0,8,0.805909091,1.990458831
1/7/2015,Quarter1,finishing,Wednesday,7,0.8,2.9,,1440,0,0,0,0,8,0.804640152,0.01754584579
1/7/2015,Quarter1,sweing,Wednesday,4,0.8,28.08,990,10350,50,0,0,0,57.5,0.800594466,0.8706850616
1/7/2015,Quarter1,sweing,Wednesday,6,0.8,11.41,986,5490,50,0,0,0,30.5,0.800343766,-0.5097718448
1/7/2015,Quarter1,sweing,Wednesday,7,0.8,25.9,1066,10170,50,0,0,0,56.5,0.800128721,0.5109498214
1/7/2015,Quarter1,sweing,Wednesday,10,0.75,28.08,1144,10530,69,0,0,0,58.5,0.8,-0.3016478852
1/7/2015,Quarter1,sweing,Wednesday,5,0.7,21.98,413,9720,40,0,0,0,58,0.700480831,-1.172225347
1/7/2015,Quarter1,finishing,Wednesday,8,0.8,2.9,,1440,0,0,0,0,8,0.681060606,-0.7642926486
1/7/2015,Quarter1,finishing,Wednesday,6,0.8,2.9,,1800,0,0,0,0,10,0.666515152,0.05906997281
1/7/2015,Quarter1,sweing,Wednesday,11,0.8,31.83,568,9900,40,0,0,0,55,0.412119835,-0.3405447604
1/7/2015,Quarter1,finishing,Wednesday,5,0.7,4.15,,1440,0,0,0,0,8,0.330113636,-0.3926041811
1/8/2015,Quarter2,finishing,Thursday,1,0.8,3.94,,1440,0,0,0,0,8,0.947689394,-0.6852752631
1/8/2015,Quarter2,finishing,Thursday,4,0.8,3.94,,12600,0,0,0,0,20,0.919905405,-1.118388873
1/8/2015,Quarter2,sweing,Thursday,9,0.8,26.16,1216,10620,88,0,0,0,59,0.900215716,-0.7222134396
1/8/2015,Quarter2,finishing,Thursday,9,0.8,3.94,,1440,0,0,0,0,8,0.891723485,0.3505422594
1/8/2015,Quarter2,sweing,Thursday,1,0.8,26.16,1189,10620,75,0,0,0,59,0.850502311,-2.241040865
1/8/2015,Quarter2,sweing,Thursday,4,0.8,28.08,942,10530,75,0,0,0,58.5,0.850181818,0.2427207704
1/8/2015,Quarter2,sweing,Thursday,7,0.8,25.9,1050,10170,60,0,0,0,56.5,0.850136766,1.888218051
1/8/2015,Quarter2,sweing,Thursday,8,0.8,25.9,1026,10170,60,0,0,0,56.5,0.850136766,-0.4316533367
1/8/2015,Quarter2,finishing,Thursday,2,0.8,3.94,,1440,0,0,0,0,8,0.835757576,0.5561368489
1/8/2015,Quarter2,sweing,Thursday,3,0.8,19.87,857,9900,50,0,0,0,55,0.800273829,-1.053477245
1/8/2015,Quarter2,sweing,Thursday,12,0.8,11.61,548,15120,63,0,0,0,31.5,0.800107143,0.9466017928
1/8/2015,Quarter2,sweing,Thursday,10,0.75,28.08,1066,10530,69,0,0,0,58.5,0.8,-0.1085281638
1/8/2015,Quarter2,finishing,Thursday,8,0.8,2.9,,1440,0,0,0,0,8,0.735984848,0.8856206615
1/8/2015,Quarter2,finishing,Thursday,3,0.75,4.15,,2160,0,0,0,0,12,0.712626263,-1.264937651
1/8/2015,Quarter2,finishing,Thursday,7,0.8,2.9,,1440,0,0,0,0,8,0.681060606,-2.671955325
1/8/2015,Quarter2,finishing,Thursday,11,0.8,4.15,,900,0,0,0,0,5,0.515606061,-0.007791723919
1/8/2015,Quarter2,sweing,Thursday,11,0.35,12.52,287,25920,38,0,0,0,54,0.349951389,0.134465138
1/8/2015,Quarter2,sweing,Thursday,5,0.7,42.41,724,10260,0,0,0,0,57,0.233705476,1.521762699
1/10/2015,Quarter2,finishing,Saturday,1,0.8,3.94,,2160,0,0,0,0,8,0.985,0.4889996878
1/10/2015,Quarter2,finishing,Saturday,4,0.8,3.94,,6000,0,0,0,0,20,0.911589744,1.169471336
1/10/2015,Quarter2,finishing,Saturday,9,0.8,3.94,,1440,0,0,0,0,8,0.858143939,1.007762034
1/10/2015,Quarter2,sweing,Saturday,9,0.8,26.16,1122,10620,75,0,0,0,59,0.851174114,-0.2348179159
1/10/2015,Quarter2,sweing,Saturday,8,0.8,25.9,1158,10170,60,0,0,0,56.5,0.850136766,-0.5082764701
1/10/2015,Quarter2,finishing,Saturday,10,0.8,3.94,,1440,0,0,0,0,8,0.846950758,0.05425925384
1/10/2015,Quarter2,finishing,Saturday,11,0.8,4.15,,1440,0,0,0,0,8,0.817424242,-0.6049972234
1/10/2015,Quarter2,finishing,Saturday,2,0.8,3.94,,1440,0,0,0,0,8,0.817102273,-0.2477521174
1/10/2015,Quarter2,sweing,Saturday,4,0.8,28.08,660,10440,63,0,0,0,58,0.801028213,-0.3813536329
1/10/2015,Quarter2,sweing,Saturday,10,0.8,28.08,1082,10530,63,0,0,0,58.5,0.8,0.1714791845
1/10/2015,Quarter2,sweing,Saturday,3,0.75,19.87,1075,7080,45,0,0,0,56,0.750098351,0.6633824001
1/10/2015,Quarter2,sweing,Saturday,11,0.5,12.52,749,9540,38,0,0,0,53,0.673245283,-0.9725006503
1/10/2015,Quarter2,sweing,Saturday,5,0.5,20.79,966,7680,0,0,0,0,56,0.388007813,-0.4235669552
1/10/2015,Quarter2,finishing,Saturday,5,0.5,4.15,,1440,0,0,0,0,8,0.337973485,-0.4671390033
1/11/2015,Quarter2,finishing,Sunday,3,0.75,4.15,,1440,0,0,0,0,8,0.93532197,1.041834595
1/11/2015,Quarter2,finishing,Sunday,4,0.8,3.94,,3600,0,0,0,0,20,0.925643939,-0.8881098232
1/11/2015,Quarter2,sweing,Sunday,9,0.8,26.16,1095,10620,88,0,0,0,59,0.900215716,-1.07904086
1/11/2015,Quarter2,finishing,Sunday,1,0.8,3.94,,1440,0,0,0,0,8,0.873068182,-0.2756680221
1/11/2015,Quarter2,sweing,Sunday,7,0.8,25.9,1012,10170,45,0,0,0,56.5,0.850136766,0.4958803454
1/11/2015,Quarter2,sweing,Sunday,8,0.8,25.9,1209,10170,60,0,0,0,56.5,0.850136766,-1.106953052
1/11/2015,Quarter2,finishing,Sunday,10,0.8,3.94,,1440,0,0,0,0,8,0.828295455,1.301390054
1/11/2015,Quarter2,finishing,Sunday,2,0.8,3.94,,1440,0,0,0,0,8,0.820833333,0.4378661398
1/11/2015,Quarter2,sweing,Sunday,6,0.8,11.41,887,5490,50,0,0,0,30.5,0.800343766,1.792443525
1/11/2015,Quarter2,sweing,Sunday,12,0.8,11.61,896,5670,50,0,0,0,31.5,0.800246753,-0.3282447218
1/11/2015,Quarter2,sweing,Sunday,10,0.8,28.08,762,10530,38,0,0,0,58.5,0.8,-0.04636588826
1/11/2015,Quarter2,sweing,Sunday,3,0.8,19.87,1043,6420,0,0,0,0,55,0.690182815,-0.09825462477
1/11/2015,Quarter2,finishing,Sunday,11,0.8,4.15,,1440,0,0,0,0,8,0.668087121,0.4020073212
1/11/2015,Quarter2,finishing,Sunday,5,0.5,4.15,,1440,0,0,0,0,8,0.609138258,-1.083930627
1/11/2015,Quarter2,sweing,Sunday,11,0.6,12.52,831,9540,30,0,0,0,53,0.600229846,1.090778941
1/11/2015,Quarter2,finishing,Sunday,6,0.8,2.9,,1440,0,0,0,0,8,0.597348485,-0.6218087372
1/11/2015,Quarter2,finishing,Sunday,7,0.8,2.9,,1440,0,0,0,0,8,0.590435606,-1.411185206
1/11/2015,Quarter2,sweing,Sunday,4,0.8,50.48,562,10440,0,0,0,0,58,0.473134796,2.545026824
1/12/2015,Quarter2,finishing,Monday,1,0.8,3.94,,1440,0,0,0,0,8,0.955151515,0.1610967975
1/12/2015,Quarter2,finishing,Monday,4,0.35,4.3,,3240,0,0,0,0,18,0.942213805,-0.8359110245
1/12/2015,Quarter2,finishing,Monday,2,0.8,3.94,,1440,0,0,0,0,8,0.880530303,-0.3500781591
1/12/2015,Quarter2,finishing,Monday,9,0.8,3.94,,1440,0,0,0,0,8,0.858143939,0.5936735547
1/12/2015,Quarter2,sweing,Monday,9,0.8,26.16,1093,10620,75,0,0,0,59,0.850502311,0.3207867857
1/12/2015,Quarter2,sweing,Monday,7,0.8,25.9,1031,10170,60,0,0,0,56.5,0.850136766,0.02204172632
1/12/2015,Quarter2,sweing,Monday,8,0.8,25.9,1233,10170,60,0,0,0,56.5,0.850136766,-0.4731532347
1/12/2015,Quarter2,finishing,Monday,5,0.65,4.15,,1440,0,0,0,0,8,0.809564394,0.8608085149
1/12/2015,Quarter2,sweing,Monday,12,0.8,11.61,760,4470,50,0,0,0,31.5,0.80007657,-0.9575347693
1/12/2015,Quarter2,finishing,Monday,8,0.8,2.9,,1440,0,0,0,0,8,0.725,-1.162895645
1/12/2015,Quarter2,sweing,Monday,11,0.65,12.52,1004,9540,44,0,0,0,53,0.64998056,-1.051108252
1/12/2015,Quarter2,finishing,Monday,7,0.8,2.9,,1440,0,0,0,0,8,0.648106061,0.9894356209
1/12/2015,Quarter2,finishing,Monday,11,0.8,4.15,,1440,0,0,0,0,8,0.640577652,-1.504691461
1/13/2015,Quarter2,finishing,Tuesday,4,0.35,4.3,,2160,0,0,0,0,12,0.952020202,-0.6944961578
1/13/2015,Quarter2,finishing,Tuesday,1,0.8,3.94,,1440,0,0,0,0,2,0.951420455,2.419188392
1/13/2015,Quarter2,finishing,Tuesday,3,0.8,4.15,,1620,0,0,0,0,9,0.901262626,1.327566035
1/13/2015,Quarter2,finishing,Tuesday,9,0.8,3.94,,1440,0,0,0,0,8,0.858143939,-0.6990486108
1/13/2015,Quarter2,sweing,Tuesday,1,0.8,26.16,1073,10620,75,0,0,0,59,0.850502311,-0.5378466221
1/13/2015,Quarter2,sweing,Tuesday,9,0.8,26.16,1156,10620,75,0,0,0,59,0.850502311,1.314852593
1/13/2015,Quarter2,sweing,Tuesday,8,0.8,25.9,1211,10260,60,0,0,0,57,0.850252525,0.1198172473
1/13/2015,Quarter2,sweing,Tuesday,7,0.8,25.9,1126,10170,60,0,0,0,56.5,0.850136766,1.62439189
1/13/2015,Quarter2,finishing,Tuesday,2,0.8,3.94,,1440,0,0,0,0,8,0.805909091,-2.438760002
1/13/2015,Quarter2,sweing,Tuesday,6,0.8,11.61,1004,5670,50,0,0,0,31.5,0.800246753,1.714973151
1/13/2015,Quarter2,sweing,Tuesday,12,0.8,11.61,1063,5670,50,0,0,0,31.5,0.800246753,-0.524103865
1/13/2015,Quarter2,sweing,Tuesday,2,0.8,28.08,723,10530,50,0,0,0,58.5,0.8,0.07679388025
1/13/2015,Quarter2,sweing,Tuesday,3,0.8,42.27,465,9900,54,0,0,0,55,0.705576584,-0.2054081996
1/13/2015,Quarter2,finishing,Tuesday,8,0.8,2.9,,1440,0,0,0,0,8,0.681060606,0.9033430099
1/13/2015,Quarter2,finishing,Tuesday,7,0.8,2.9,,1440,0,0,0,0,8,0.670075758,1.147449066
1/13/2015,Quarter2,finishing,Tuesday,11,0.8,4.15,,1440,0,0,0,0,8,0.601278409,-0.5313323887
1/13/2015,Quarter2,sweing,Tuesday,11,0.7,27.13,530,9540,37,0,0,0,53,0.582301029,1.95331181
1/13/2015,Quarter2,sweing,Tuesday,5,0.7,20.79,1297,10440,0,0,0,0,58,0.526810345,0.136568656
1/13/2015,Quarter2,sweing,Tuesday,4,0.5,22.4,783,10170,23,0,0,0,56.5,0.500380799,0.8708139294
1/13/2015,Quarter2,sweing,Tuesday,10,0.35,22.4,715,10170,23,0,0,0,56.5,0.35020649,1.24864035
1/14/2015,Quarter2,finishing,Wednesday,11,0.8,4.15,,1980,0,0,0,0,7,0.934607438,-0.5227660157
1/14/2015,Quarter2,finishing,Wednesday,4,0.35,4.3,,2700,0,0,0,0,8,0.908080808,-0.5763261686
1/14/2015,Quarter2,sweing,Wednesday,7,0.8,25.9,1150,10170,70,0,0,0,56.5,0.900144811,1.392857021
1/14/2015,Quarter2,finishing,Wednesday,1,0.8,3.94,,1440,0,0,0,0,8,0.891723485,0.4974768189
1/14/2015,Quarter2,finishing,Wednesday,5,0.65,4.15,,1440,0,0,0,0,15,0.864583333,-1.5892045
1/14/2015,Quarter2,finishing,Wednesday,9,0.8,3.94,,1440,0,0,0,0,8,0.858143939,1.05113263
1/14/2015,Quarter2,sweing,Wednesday,8,0.8,25.9,1218,10170,60,0,0,0,56.5,0.850136766,0.1872565409
1/14/2015,Quarter2,finishing,Wednesday,7,0.8,2.9,,1440,0,0,0,0,8,0.837594697,-0.112242084
1/14/2015,Quarter2,finishing,Wednesday,3,0.8,4.15,,1440,0,0,0,0,7,0.820833333,0.5886151694
1/14/2015,Quarter2,sweing,Wednesday,6,0.8,11.61,972,5670,38,0,0,0,31.5,0.800246753,-0.5205393495
1/14/2015,Quarter2,sweing,Wednesday,5,0.7,20.79,965,7320,0,0,0,0,58,0.700095563,-0.02152951444
1/14/2015,Quarter2,sweing,Wednesday,4,0.6,22.4,816,5100,23,0,0,0,57,0.600369686,-1.527612648
1/14/2015,Quarter2,sweing,Wednesday,11,0.35,14.61,838,7200,23,0,0,0,55,0.35003125,0.8541676116
1/14/2015,Quarter2,finishing,Wednesday,10,0.8,3.94,,1260,0,0,0,0,8,0.332359307,-0.7314550677
1/14/2015,Quarter2,sweing,Wednesday,2,0.8,51.02,1086,4260,27,0,0,0,57,0.311207464,-1.582470877
1/14/2015,Quarter2,finishing,Wednesday,2,0.8,3.94,,1260,0,0,0,0,8,0.247316017,-1.936215751
1/15/2015,Quarter3,finishing,Thursday,10,0.8,3.94,,3420,0,0,0,0,19,0.953110048,0.7752252805
1/15/2015,Quarter3,finishing,Thursday,1,0.8,3.94,,1440,0,0,0,0,8,0.884261364,0.5347764834
1/15/2015,Quarter3,finishing,Thursday,5,0.65,4.15,,1440,0,0,0,0,8,0.860653409,-0.4335759511
1/15/2015,Quarter3,sweing,Thursday,1,0.8,26.16,1160,10620,75,0,0,0,59,0.850502311,-0.729977455
1/15/2015,Quarter3,sweing,Thursday,8,0.8,25.9,1177,8970,60,0,0,0,56.5,0.850415628,-0.4158289551
1/15/2015,Quarter3,sweing,Thursday,7,0.8,25.9,1281,10170,60,0,0,0,56.5,0.850136766,1.806475407
1/15/2015,Quarter3,sweing,Thursday,6,0.8,11.61,1084,4950,38,0,0,0,31.5,0.80003139,-0.9550968942
1/15/2015,Quarter3,sweing,Thursday,12,0.8,11.61,1216,4950,50,0,0,0,31.5,0.80003139,0.8414426405
1/15/2015,Quarter3,sweing,Thursday,5,0.7,20.79,391,10440,0,0,0,0,58,0.700060345,0.1443113993
1/15/2015,Quarter3,sweing,Thursday,3,0.5,22.52,1102,10170,30,0,0,0,56.5,0.660683293,0.135779734
1/15/2015,Quarter3,sweing,Thursday,4,0.65,22.52,872,10080,26,0,0,0,56,0.650130952,1.300042555
1/15/2015,Quarter3,finishing,Thursday,8,0.8,2.9,,1440,0,0,0,0,8,0.606912879,-0.4271576345
1/15/2015,Quarter3,sweing,Thursday,10,0.6,22.52,1076,10170,23,0,0,0,56.5,0.600291767,0.5786368199
1/15/2015,Quarter3,sweing,Thursday,11,0.5,14.89,917,9900,30,0,0,0,55,0.500025069,0.6115706105
1/15/2015,Quarter3,sweing,Thursday,2,0.5,22.94,1044,9810,23,0,0,0,54.5,0.499998888,0.585459727
1/17/2015,Quarter3,finishing,Saturday,2,0.8,3.94,,1800,0,0,0,0,10,0.980909091,1.284216892
1/17/2015,Quarter3,finishing,Saturday,10,0.8,3.94,,1440,0,0,0,0,8,0.974621212,0.3569382037
1/17/2015,Quarter3,finishing,Saturday,1,0.8,3.94,,1440,0,0,0,0,8,0.884261364,1.8379467
1/17/2015,Quarter3,finishing,Saturday,9,0.8,3.94,,1800,0,0,0,0,10,0.82680303,0.07619098803
1/17/2015,Quarter3,sweing,Saturday,6,0.8,11.41,1067,5490,63,0,0,0,30.5,0.800343766,-0.5244976013
1/17/2015,Quarter3,sweing,Saturday,7,0.8,25.9,1396,10170,50,0,0,0,56.5,0.800128721,-1.111601104
1/17/2015,Quarter3,sweing,Saturday,8,0.8,25.9,1292,10170,50,0,0,0,56.5,0.800128721,-0.2725528343
1/17/2015,Quarter3,sweing,Saturday,1,0.8,48.68,171,10620,63,0,0,0,59,0.800117103,-0.1809838349
1/17/2015,Quarter3,sweing,Saturday,9,0.8,26.16,1128,10620,63,0,0,0,59,0.800117103,-1.297322397
1/17/2015,Quarter3,finishing,Saturday,8,0.8,2.9,,1440,0,0,0,0,8,0.675568182,0.7265673097
1/17/2015,Quarter3,finishing,Saturday,7,0.8,2.9,,1440,0,0,0,0,8,0.661837121,0.07200380341
1/17/2015,Quarter3,sweing,Saturday,3,0.6,22.52,1140,10170,30,0,0,0,56.5,0.600291767,-0.8085741306
1/17/2015,Quarter3,sweing,Saturday,11,0.6,14.89,1027,10080,38,0,0,0,56,0.600273268,-0.07650387131
1/17/2015,Quarter3,finishing,Saturday,6,0.8,2.9,,900,0,0,0,0,5,0.465757576,-1.100278148
1/17/2015,Quarter3,finishing,Saturday,11,0.8,4.15,,1260,0,0,0,0,7,0.313852814,-0.5065241957
1/18/2015,Quarter3,finishing,Sunday,5,0.6,4.15,,1440,0,0,0,0,8,0.852793561,0.7855738614
1/18/2015,Quarter3,finishing,Sunday,11,0.65,4.15,,2160,0,0,0,0,12,0.838383838,0.2258244932
1/18/2015,Quarter3,finishing,Sunday,6,0.8,2.9,,1800,0,0,0,0,10,0.804848485,-0.4946046552
1/18/2015,Quarter3,sweing,Sunday,6,0.8,11.41,1140,5490,63,0,0,0,30.5,0.800343766,0.3193919832
1/18/2015,Quarter3,sweing,Sunday,7,0.8,48.84,624,10170,50,0,0,0,56.5,0.800128721,-0.1057645734
1/18/2015,Quarter3,sweing,Sunday,9,0.8,26.16,1381,3660,50,0,0,0,59,0.800015009,-1.523664353
1/18/2015,Quarter3,sweing,Sunday,10,0.7,22.52,1002,10080,40,0,0,0,56,0.700094156,0.7860895473
1/18/2015,Quarter3,finishing,Sunday,7,0.8,2.9,,1440,0,0,0,0,8,0.692045455,-0.2641050297
1/18/2015,Quarter3,sweing,Sunday,3,0.65,22.52,1138,10170,35,0,0,0,56.5,0.650416734,-0.6266344247
1/18/2015,Quarter3,sweing,Sunday,2,0.65,22.94,1025,10170,26,0,0,0,56.5,0.650243497,-0.08066287226
1/18/2015,Quarter3,finishing,Sunday,8,0.8,2.9,,1440,0,0,0,0,8,0.639867424,2.023497566
1/18/2015,Quarter3,sweing,Sunday,5,0.6,20.4,1031,10440,30,0,0,0,58,0.600062696,0.6453188779
1/18/2015,Quarter3,finishing,Sunday,9,0.8,3.94,,1800,0,0,0,0,10,0.582045455,0.4135385897
1/18/2015,Quarter3,sweing,Sunday,1,0.8,49.1,1381,10350,24,0,0,0,57.5,0.403242161,0.09915258393
1/19/2015,Quarter3,finishing,Monday,9,0.8,3.94,,1800,0,0,0,0,10,0.964106061,0.4824803188
1/19/2015,Quarter3,finishing,Monday,5,0.65,4.15,,1440,0,0,0,0,8,0.958901515,0.131291366
1/19/2015,Quarter3,sweing,Monday,6,0.8,11.41,1028,4380,50,0,0,0,31,0.800358775,0.1691029976
1/19/2015,Quarter3,sweing,Monday,8,0.8,25.9,1380,3630,50,0,0,0,56.5,0.800162602,-0.4683866178
1/19/2015,Quarter3,sweing,Monday,9,0.8,26.16,1196,10620,63,0,0,0,59,0.800117103,0.03253724904
1/19/2015,Quarter3,sweing,Monday,2,0.7,22.94,1006,10170,38,0,0,0,56.5,0.750517565,-0.3256258483
1/19/2015,Quarter3,sweing,Monday,4,0.7,22.52,930,10260,63,0,0,0,57,0.750068049,-1.001815493
1/19/2015,Quarter3,sweing,Monday,3,0.7,22.52,1095,10170,50,0,0,0,56.5,0.750062751,0.3054839317
1/19/2015,Quarter3,sweing,Monday,10,0.7,22.52,938,10080,63,0,0,0,56,0.750057359,0.7676473554
1/19/2015,Quarter3,sweing,Monday,11,0.7,14.89,1484,10260,50,0,0,0,57,0.700170388,-0.1726603785
1/19/2015,Quarter3,finishing,Monday,8,0.8,2.9,,1440,0,0,0,0,8,0.683806818,-1.078129741
1/19/2015,Quarter3,sweing,Monday,5,0.65,20.4,1255,8280,35,0,0,0,58,0.650066445,1.790716113
1/19/2015,Quarter3,sweing,Monday,7,0.8,48.84,1040,10260,30,0,0,0,57,0.576460393,1.050315025
1/19/2015,Quarter3,sweing,Monday,1,0.5,22.94,1492,10170,30,0,0,0,56.5,0.549969429,-1.207434463
1/19/2015,Quarter3,finishing,Monday,10,0.7,3.94,,1440,0,0,0,0,8,0.538399621,0.3186855593
1/19/2015,Quarter3,finishing,Monday,11,0.7,4.15,,1440,0,0,0,0,8,0.409545455,-0.6388429893
1/19/2015,Quarter3,sweing,Monday,12,0.35,15.26,1111,6120,23,0,0,0,34,0.35021836,-0.7986780281
1/20/2015,Quarter3,finishing,Tuesday,5,0.7,4.15,,1440,0,0,0,0,8,1.033570076,2.122461304
1/20/2015,Quarter3,sweing,Tuesday,6,0.8,11.41,1047,5580,63,0,0,0,31,0.800261486,-1.54535675
1/20/2015,Quarter3,sweing,Tuesday,8,0.8,25.9,1434,10170,50,0,0,0,56.5,0.800128721,0.3460938246
1/20/2015,Quarter3,sweing,Tuesday,4,0.7,22.52,983,10260,63,0,0,0,57,0.750068049,0.4511496371
1/20/2015,Quarter3,sweing,Tuesday,10,0.7,22.52,1108,10080,63,0,0,0,56,0.750057359,-0.0250244754
1/20/2015,Quarter3,sweing,Tuesday,3,0.7,22.52,1134,8460,50,0,0,0,57,0.750037968,0.4685845791
1/20/2015,Quarter3,sweing,Tuesday,2,0.7,22.94,1363,10260,50,0,0,0,57,0.750031898,-0.455909444
1/20/2015,Quarter3,finishing,Tuesday,9,0.8,3.94,,1800,0,0,0,0,10,0.72830303,-0.9116825028
1/20/2015,Quarter3,sweing,Tuesday,11,0.7,14.89,1501,10260,50,0,0,0,57,0.700170388,-0.5584972533
1/20/2015,Quarter3,sweing,Tuesday,5,0.7,20.4,1352,10260,50,0,0,0,57,0.700063796,-0.9426601625
1/20/2015,Quarter3,finishing,Tuesday,8,0.8,2.9,,1440,0,0,0,0,8,0.639867424,0.9766944427
1/20/2015,Quarter3,sweing,Tuesday,12,0.5,15.26,1352,3720,23,0,0,0,34,0.500290419,0.4684862202
1/20/2015,Quarter3,sweing,Tuesday,7,0.35,22.94,1450,10080,30,0,0,0,56,0.400332792,1.864133045
1/20/2015,Quarter3,finishing,Tuesday,11,0.7,4.15,,2700,0,0,0,0,15,0.362666667,0.511704489
1/21/2015,Quarter3,finishing,Wednesday,4,0.75,4.3,,6000,0,0,0,0,20,0.978525641,-0.3510666595
1/21/2015,Quarter3,sweing,Wednesday,4,0.75,22.52,825,10080,94,0,0,0,56,0.900556277,0.8997769311
1/21/2015,Quarter3,finishing,Wednesday,9,0.8,3.94,,2400,0,0,0,0,8,0.827147436,-0.397004048
1/21/2015,Quarter3,sweing,Wednesday,8,0.8,25.9,562,7470,38,0,0,0,56.5,0.800436542,-0.5953924423
1/21/2015,Quarter3,sweing,Wednesday,2,0.7,22.94,1422,10500,60,0,0,0,57,0.800415742,-1.937820714
1/21/2015,Quarter3,sweing,Wednesday,10,0.7,22.52,1206,10080,75,0,0,0,56,0.800020563,1.58493113
1/21/2015,Quarter3,finishing,Wednesday,5,0.7,4.15,,2400,0,0,0,0,8,0.758173077,-0.2132756521
1/21/2015,Quarter3,sweing,Wednesday,5,0.7,20.4,1404,10440,50,0,0,0,58,0.750344828,-0.8248437088
1/21/2015,Quarter3,sweing,Wednesday,3,0.7,22.52,1139,10260,63,0,0,0,57,0.750068049,-0.251439258
1/21/2015,Quarter3,sweing,Wednesday,11,0.7,14.89,1735,10260,50,0,0,0,57,0.700170388,0.3494202071
1/21/2015,Quarter3,sweing,Wednesday,1,0.65,22.94,1595,10260,34,0,0,0,57,0.700029771,-2.303991576
1/21/2015,Quarter3,sweing,Wednesday,12,0.6,15.26,1245,6360,23,0,0,0,34,0.60017284,1.457478503
1/21/2015,Quarter3,finishing,Wednesday,8,0.8,2.9,,2400,0,0,0,0,8,0.594871795,-1.651773898
1/21/2015,Quarter3,sweing,Wednesday,9,0.8,54.56,757,4140,29,0,0,0,58,0.520237649,0.04864812014
1/21/2015,Quarter3,finishing,Wednesday,11,0.7,4.15,,2700,0,0,0,0,9,0.470769231,0.6602502256
1/22/2015,Quarter4,finishing,Thursday,7,0.6,3.94,,6000,0,0,0,0,10,0.957638889,-0.6902698756
1/22/2015,Quarter4,finishing,Thursday,10,0.75,3.94,,8400,0,0,0,0,14,0.940701058,0.990097326
1/22/2015,Quarter4,sweing,Thursday,2,0.7,22.94,1510,10620,60,0,0,0,57,0.800302791,-0.3962598589
1/22/2015,Quarter4,sweing,Thursday,6,0.8,11.61,955,6360,63,0,0,0,32,0.800191989,-1.091110814
1/22/2015,Quarter4,sweing,Thursday,10,0.75,22.52,1328,10080,55,0,0,0,56,0.800020563,0.6032740057
1/22/2015,Quarter4,sweing,Thursday,1,0.7,22.94,1384,12180,63,0,0,0,57,0.750162367,-1.265332182
1/22/2015,Quarter4,sweing,Thursday,11,0.7,14.89,1863,10260,50,0,0,0,57,0.700170388,0.9014772793
1/22/2015,Quarter4,finishing,Thursday,4,0.75,4.3,,9000,0,0,0,0,15,0.670216049,-1.716089844
1/22/2015,Quarter4,finishing,Thursday,1,0.7,3.94,,15000,0,0,0,0,25,0.649662222,1.745384752
1/22/2015,Quarter4,sweing,Thursday,7,0.6,22.52,1859,10260,23,0,0,0,57,0.60041361,0.7095506948
1/22/2015,Quarter4,sweing,Thursday,9,0.5,29.12,970,10440,30,0,0,0,58,0.500547544,0.4921085683
1/22/2015,Quarter4,finishing,Thursday,3,0.7,3.94,,12000,0,0,0,0,20,0.460578704,-0.1331648574
1/22/2015,Quarter4,finishing,Thursday,8,0.8,2.9,,4800,0,0,0,0,8,0.397743056,0.3390098077
1/22/2015,Quarter4,finishing,Thursday,12,0.6,4.08,,5400,0,0,0,0,9,0.327407407,0.1004105841
1/24/2015,Quarter4,finishing,Saturday,10,0.75,3.94,,1800,0,0,0,0,10,0.937242424,1.713872536
1/24/2015,Quarter4,finishing,Saturday,8,0.8,2.9,,1620,0,0,0,0,9,0.910521886,0.8185773226
1/24/2015,Quarter4,sweing,Saturday,2,0.75,22.94,1606,10260,94,0,0,0,57,0.90064806,-0.2964975073
1/24/2015,Quarter4,finishing,Saturday,11,0.75,4.15,,1800,0,0,0,0,10,0.896022727,-0.6137363883
1/24/2015,Quarter4,finishing,Saturday,3,0.75,3.94,,1440,0,0,0,0,8,0.895454545,0.120686591
1/24/2015,Quarter4,finishing,Saturday,12,0.7,4.08,,1620,0,0,0,0,9,0.858585859,1.06189763
1/24/2015,Quarter4,sweing,Saturday,10,0.75,22.52,1332,10080,69,0,0,0,56,0.80062987,0.2402995194
1/24/2015,Quarter4,sweing,Saturday,3,0.75,22.52,1266,10260,69,0,0,0,57,0.80035194,-2.30676192
1/24/2015,Quarter4,sweing,Saturday,12,0.75,15.26,1316,6120,40,0,0,0,34,0.750079323,-1.761786079
1/24/2015,Quarter4,sweing,Saturday,11,0.75,42.97,1282,10260,56,0,0,0,57,0.750041201,-1.722841345
1/24/2015,Quarter4,sweing,Saturday,5,0.7,20.4,1382,10440,50,0,0,0,58,0.700250784,-0.2218822048
1/24/2015,Quarter4,finishing,Saturday,2,0.75,3.94,,1440,0,0,0,0,8,0.578314394,-1.129385564
1/24/2015,Quarter4,sweing,Saturday,8,0.35,15.09,1448,9360,23,0,0,0,52,0.34998951,0.08490110016
1/25/2015,Quarter4,finishing,Sunday,1,0.7,3.94,,1440,0,0,0,0,8,0.970075758,0.3993743672
1/25/2015,Quarter4,finishing,Sunday,3,0.75,3.94,,1620,0,0,0,0,9,0.961784512,1.179538091
1/25/2015,Quarter4,sweing,Sunday,4,0.75,22.52,867,10260,94,0,0,0,57,0.900321106,-0.5468370788
1/25/2015,Quarter4,sweing,Sunday,2,0.75,22.94,1636,10530,81,0,0,0,58.5,0.850223776,0.2247966217
1/25/2015,Quarter4,sweing,Sunday,1,0.7,22.94,1682,10530,75,0,0,0,58.5,0.800909609,1.353350045
1/25/2015,Quarter4,sweing,Sunday,3,0.75,22.52,1495,10350,55,0,0,0,57.5,0.800513307,-0.4594395986
1/25/2015,Quarter4,sweing,Sunday,6,0.8,11.61,1181,5760,63,0,0,0,32,0.800386364,-0.5937230646
1/25/2015,Quarter4,sweing,Sunday,10,0.75,22.52,1413,10080,69,0,0,0,56,0.800020563,-1.552741445
1/25/2015,Quarter4,sweing,Sunday,7,0.7,22.52,360,10170,40,0,0,0,56.5,0.7005417,-0.2862845904
1/25/2015,Quarter4,sweing,Sunday,12,0.7,15.26,1296,6120,40,0,0,0,34,0.70043672,-0.0182649579
1/25/2015,Quarter4,sweing,Sunday,5,0.7,20.4,1217,10440,50,0,0,0,58,0.700250784,-0.1765341571
1/25/2015,Quarter4,sweing,Sunday,9,0.65,29.12,1086,10440,26,0,0,0,58,0.650407524,-0.07524617433
1/25/2015,Quarter4,finishing,Sunday,12,0.7,4.08,,1620,0,0,0,0,9,0.618181818,-1.846247709
1/25/2015,Quarter4,sweing,Sunday,8,0.5,15.09,1557,720,23,0,0,0,52,0.500061916,0.9956990531
1/26/2015,Quarter4,finishing,Monday,10,0.75,3.94,,3780,0,0,0,0,21,0.997792208,0.1064801286
1/26/2015,Quarter4,finishing,Monday,4,0.75,4.3,,2160,0,0,0,0,12,0.963699495,0.2984403699
1/26/2015,Quarter4,finishing,Monday,5,0.7,4.15,,2700,0,0,0,0,15,0.959191919,0.307485725
1/26/2015,Quarter4,finishing,Monday,1,0.7,3.94,,1800,0,0,0,0,10,0.910378788,1.410745026
1/26/2015,Quarter4,sweing,Monday,6,0.8,11.61,1072,5760,50,0,0,0,32,0.800386364,0.2696303462
1/26/2015,Quarter4,sweing,Monday,2,0.75,22.94,1764,10260,55,0,0,0,57,0.800034024,-0.01304611785
1/26/2015,Quarter4,sweing,Monday,1,0.7,22.94,1745,10440,60,0,0,0,58,0.800023511,-0.4590254034
1/26/2015,Quarter4,sweing,Monday,10,0.75,22.52,1250,10080,55,0,0,0,56,0.800020563,-1.73443987
1/26/2015,Quarter4,finishing,Monday,12,0.7,4.08,,1620,0,0,0,0,9,0.769292929,0.4471618506
1/26/2015,Quarter4,sweing,Monday,9,0.7,29.12,1143,10440,40,0,0,0,58,0.70061442,0.3661084242
1/26/2015,Quarter4,sweing,Monday,12,0.7,15.26,1337,6120,40,0,0,0,34,0.70043672,1.16724315
1/26/2015,Quarter4,finishing,Monday,7,0.65,3.94,,1440,0,0,0,0,8,0.646306818,-0.4900114162
1/26/2015,Quarter4,sweing,Monday,8,0.6,15.09,1519,360,23,0,0,0,52,0.600143365,1.540286252
1/26/2015,Quarter4,sweing,Monday,11,0.35,28.08,749,10260,23,0,0,0,57,0.350066986,-1.164481726
1/27/2015,Quarter4,sweing,Tuesday,3,0.75,22.52,1299,6840,119,0,0,0,57,1.000230409,0.3164798704
1/27/2015,Quarter4,finishing,Tuesday,10,0.8,3.94,,1440,0,0,0,0,12,0.979527778,-0.01805735131
1/27/2015,Quarter4,finishing,Tuesday,4,0.8,4.3,,1440,0,0,0,0,12,0.940625,1.366363937
1/27/2015,Quarter4,finishing,Tuesday,5,0.5,4.15,,1440,0,0,0,0,12,0.926388889,-1.992395618
1/27/2015,Quarter4,sweing,Tuesday,4,0.8,22.52,1106,6780,60,0,0,0,56.5,0.850312684,-0.7813314509
1/27/2015,Quarter4,finishing,Tuesday,12,0.7,4.15,,1080,0,0,0,0,9,0.823555556,-1.890025234
1/27/2015,Quarter4,finishing,Tuesday,2,0.75,3.94,,1200,0,0,0,0,10,0.788,-0.7662806237
1/27/2015,Quarter4,sweing,Tuesday,9,0.7,29.12,1294,6960,50,0,0,0,58,0.700386207,0.5557033578
1/27/2015,Quarter4,sweing,Tuesday,12,0.7,15.26,1462,4080,40,0,0,0,34,0.700164706,0.1676313791
1/27/2015,Quarter4,sweing,Tuesday,8,0.65,15.09,976,240,23,0,0,0,52,0.650307143,-0.6803325458
1/27/2015,Quarter4,sweing,Tuesday,6,0.8,30.4,338,3840,34,0,0,0,32,0.622828125,-0.1464152515
1/27/2015,Quarter4,sweing,Tuesday,5,0.5,20.79,1455,6960,30,0,0,0,58,0.500035345,0.2378514416
1/27/2015,Quarter4,sweing,Tuesday,11,0.5,48.18,1282,6480,23,0,0,0,54,0.37046657,-1.1751378
1/28/2015,Quarter4,sweing,Wednesday,2,0.8,22.52,1559,6840,90,0,0,0,57,1.000230409,0.4128208312
1/28/2015,Quarter4,sweing,Wednesday,3,0.8,22.52,1350,6840,113,0,0,0,57,1.000230409,0.280877072
1/28/2015,Quarter4,finishing,Wednesday,6,0.35,2.9,,1800,0,0,0,0,15,0.977555556,2.630675439
1/28/2015,Quarter4,finishing,Wednesday,2,0.8,3.94,,1800,0,0,0,0,15,0.902222222,-0.04242633937
1/28/2015,Quarter4,sweing,Wednesday,10,0.8,22.52,1175,6720,60,0,0,0,56,0.850532143,1.385150143
1/28/2015,Quarter4,sweing,Wednesday,5,0.6,20.79,1045,6960,88,0,0,0,58,0.800534483,0.02453140006
1/28/2015,Quarter4,sweing,Wednesday,4,0.8,22.52,1342,6780,50,0,0,0,56.5,0.800489676,1.26249544
1/28/2015,Quarter4,sweing,Wednesday,9,0.7,29.12,1340,6960,63,0,0,0,58,0.750593103,-0.5843008657
1/28/2015,Quarter4,sweing,Wednesday,12,0.75,15.26,1429,3600,45,0,0,0,35,0.750283333,0.05462938622
1/28/2015,Quarter4,finishing,Wednesday,4,0.8,4.3,,1440,0,0,0,0,12,0.722638889,-0.7583137767
1/28/2015,Quarter4,finishing,Wednesday,8,0.65,4.15,,960,0,0,0,0,8,0.553333333,-1.317779903
1/28/2015,Quarter4,sweing,Wednesday,11,0.5,20.1,1413,5880,46,0,0,0,54,0.500567308,1.799824023
1/28/2015,Quarter4,sweing,Wednesday,8,0.7,38.09,336,6240,0,0,0,0,52,0.467693269,0.2073265632
1/28/2015,Quarter4,finishing,Wednesday,7,0.6,3.94,,960,0,0,0,0,8,0.406354167,0.005973883721
1/28/2015,Quarter4,sweing,Wednesday,7,0.6,23.54,958,6600,0,0,0,0,55,0.285333333,0.1917963498
1/29/2015,Quarter5,sweing,Thursday,2,0.8,22.52,1416,6840,113,0,0,0,57,1.000230409,-0.4778547922
1/29/2015,Quarter5,sweing,Thursday,3,0.8,22.52,1287,6840,100,0,0,0,57,0.950185965,-1.448236562
1/29/2015,Quarter5,sweing,Thursday,4,0.8,22.52,1444,6900,88,0,0,0,57.5,0.9008,0.4315299324
1/29/2015,Quarter5,finishing,Thursday,6,0.5,2.9,,1200,0,0,0,0,10,0.899,0.4656467021
1/29/2015,Quarter5,finishing,Thursday,8,0.65,4.15,,960,0,0,0,0,8,0.877552083,0.2356589093
1/29/2015,Quarter5,finishing,Thursday,11,0.6,2.9,,960,0,0,0,0,8,0.864583333,-0.01348778706
1/29/2015,Quarter5,finishing,Thursday,10,0.8,3.94,,1200,0,0,0,0,10,0.85695,1.845701472
1/29/2015,Quarter5,finishing,Thursday,1,0.75,3.94,,1200,0,0,0,0,10,0.853666667,-0.9355752747
1/29/2015,Quarter5,sweing,Thursday,1,0.75,22.94,1579,6960,81,0,0,0,58,0.850362069,0.3610763988
1/29/2015,Quarter5,sweing,Thursday,5,0.65,20.79,1015,7080,81,0,0,0,59,0.800473729,-2.419777442
1/29/2015,Quarter5,finishing,Thursday,2,0.8,3.94,,1200,0,0,0,0,10,0.773333333,-0.6898942652
1/29/2015,Quarter5,sweing,Thursday,12,0.75,15.26,1436,4200,45,0,0,0,35,0.750646667,-0.8956569401
1/29/2015,Quarter5,finishing,Thursday,12,0.75,4.08,,1080,0,0,0,0,9,0.634666667,-1.31587065
1/29/2015,Quarter5,sweing,Thursday,11,0.6,20.1,1601,4320,46,0,0,0,51,0.60059761,-0.9567468041
1/29/2015,Quarter5,sweing,Thursday,7,0.65,23.54,830,6600,0,0,0,0,55,0.48792,-0.8578979604
1/31/2015,Quarter5,sweing,Saturday,3,0.8,22.52,1136,6960,113,0,0,0,58,1.000457471,-2.643426436
1/31/2015,Quarter5,finishing,Saturday,3,0.8,3.94,,960,0,0,0,0,8,0.971866667,0.7276217588
1/31/2015,Quarter5,finishing,Saturday,4,0.8,3.94,,1200,0,0,0,0,10,0.971866667,-1.358054442
1/31/2015,Quarter5,finishing,Saturday,10,0.8,3.94,,1200,0,0,0,0,10,0.971866667,0.9435827902
1/31/2015,Quarter5,finishing,Saturday,1,0.75,3.94,,1800,0,0,0,0,15,0.971866667,0.2763307805
1/31/2015,Quarter5,finishing,Saturday,9,0.75,3.94,,240,0,0,0,0,2,0.971866667,0.5313158289
1/31/2015,Quarter5,finishing,Saturday,12,0.75,4.08,,1080,0,0,0,0,9,0.971866667,-3.45778742
1/31/2015,Quarter5,finishing,Saturday,5,0.7,3.94,,240,0,0,0,0,2,0.971866667,-0.1301906384
1/31/2015,Quarter5,finishing,Saturday,7,0.7,3.94,,1200,0,0,0,0,10,0.971866667,-1.31462019
1/31/2015,Quarter5,finishing,Saturday,11,0.65,3.94,,600,0,0,0,0,5,0.971866667,-0.05112500335
1/31/2015,Quarter5,sweing,Saturday,10,0.8,22.52,1116,6720,93,0,0,0,56,0.920236905,-0.451094741
1/31/2015,Quarter5,sweing,Saturday,9,0.75,29.12,1082,6840,81,0,0,0,57,0.850610526,0.1924468904
1/31/2015,Quarter5,sweing,Saturday,1,0.75,22.94,1502,6960,81,0,0,0,58,0.850362069,-1.026912945
1/31/2015,Quarter5,sweing,Saturday,6,0.6,18.79,799,3960,23,0,0,0,33,0.600710606,-1.020065729
1/31/2015,Quarter5,sweing,Saturday,7,0.7,23.54,1109,6720,0,0,0,0,56,0.388830357,-0.6611169197
1/31/2015,Quarter5,sweing,Saturday,8,0.5,23.54,1144,6480,0,0,0,0,54,0.286984568,-2.169744241
2/1/2015,Quarter1,sweing,Sunday,1,0.8,22.94,1582,3060,113,0,0,0,58.5,1.000402055,0.6318324855
2/1/2015,Quarter1,finishing,Sunday,10,0.8,3.94,,1200,0,0,0,0,10,0.8865,2.163253742
2/1/2015,Quarter1,sweing,Sunday,10,0.8,22.52,1282,6720,75,0,0,0,56,0.850532143,0.4624422246
2/1/2015,Quarter1,sweing,Sunday,4,0.8,22.52,1472,7020,60,0,0,0,58.5,0.85011396,0.3331271088
2/1/2015,Quarter1,finishing,Sunday,4,0.8,4.3,,1440,0,0,0,0,12,0.845069444,0.8837907868
2/1/2015,Quarter1,sweing,Sunday,9,0.75,29.12,1282,6960,45,0,0,0,58,0.750593103,1.351974335
2/1/2015,Quarter1,sweing,Sunday,12,0.75,15.26,1276,1440,45,0,0,0,35,0.750450658,-0.008513896659
2/1/2015,Quarter1,finishing,Sunday,12,0.75,4.08,,1080,0,0,0,0,9,0.702666667,1.792486082
2/1/2015,Quarter1,sweing,Sunday,11,0.7,20.1,1192,6120,75,0,0,0,54,0.700508929,0.6534530933
2/1/2015,Quarter1,sweing,Sunday,6,0.65,18.79,881,3960,26,0,0,0,33,0.651007071,1.408188195
2/1/2015,Quarter1,sweing,Sunday,8,0.6,24.26,1196,6600,0,0,0,0,55,0.466821212,-2.550554675
2/1/2015,Quarter1,finishing,Sunday,6,0.6,2.9,,1200,0,0,0,0,10,0.314166667,-1.889460621
2/2/2015,Quarter1,finishing,Monday,9,0.75,3.94,,960,0,0,0,0,8,0.994270833,-0.2941408222
2/2/2015,Quarter1,sweing,Monday,3,0.8,22.52,21266,6840,70,0,0,0,57,0.90014152,0.6973547912
2/2/2015,Quarter1,sweing,Monday,10,0.8,22.52,21540,6720,88,0,0,0,56,0.900129762,-0.154273707
2/2/2015,Quarter1,finishing,Monday,10,0.8,3.94,,1200,0,0,0,0,10,0.85695,-0.2392100458
2/2/2015,Quarter1,sweing,Monday,4,0.8,22.52,23122,5940,50,0,0,0,56.5,0.800393224,0.5541545278
2/2/2015,Quarter1,finishing,Monday,8,0.65,4.15,,960,0,0,0,0,8,0.561979167,-1.377795123
2/2/2015,Quarter1,finishing,Monday,1,0.75,3.94,,2280,0,0,0,0,19,0.504596491,0.2705275608
2/2/2015,Quarter1,sweing,Monday,5,0.5,30.1,839,6960,0,0,0,0,58,0.500801724,-0.3986778484
2/2/2015,Quarter1,finishing,Monday,6,0.6,2.9,,1200,0,0,0,0,10,0.280333333,0.9502812616
2/2/2015,Quarter1,sweing,Monday,8,0.65,24.26,1435,6600,0,0,0,0,55,0.260978788,-0.4194334973
2/3/2015,Quarter1,sweing,Tuesday,1,0.8,22.52,1500,6900,113,0,0,0,57.5,1.000018551,0.3582937241
2/3/2015,Quarter1,finishing,Tuesday,8,0.7,4.15,,960,0,0,0,0,8,0.976979167,1.364764474
2/3/2015,Quarter1,sweing,Tuesday,3,0.8,22.52,1112,6840,100,0,0,0,57,0.950185965,-0.4185205812
2/3/2015,Quarter1,sweing,Tuesday,2,0.8,22.52,1452,6960,100,0,0,0,58,0.949981609,-1.224357223
2/3/2015,Quarter1,finishing,Tuesday,9,0.75,3.94,,1320,0,0,0,0,11,0.919954545,0.3663869136
2/3/2015,Quarter1,sweing,Tuesday,12,0.8,15.26,1029,2040,50,0,0,0,35,0.800259023,-0.1104902973
2/3/2015,Quarter1,finishing,Tuesday,12,0.8,4.08,,1080,0,0,0,0,9,0.778222222,0.4566586235
2/3/2015,Quarter1,sweing,Tuesday,9,0.75,29.12,1070,6960,34,0,0,0,58,0.750593103,2.013795881
2/3/2015,Quarter1,sweing,Tuesday,8,0.7,24.26,1363,6660,0,0,0,0,55.5,0.586465465,-0.7163573113
2/3/2015,Quarter1,sweing,Tuesday,7,0.7,24.26,1639,6720,0,0,0,0,56,0.541517857,0.8507465118
2/3/2015,Quarter1,finishing,Tuesday,4,0.8,4.3,,1440,0,0,0,0,12,0.5375,-1.37844917
2/3/2015,Quarter1,finishing,Tuesday,6,0.7,2.9,,960,0,0,0,0,8,0.495416667,-0.1453055411
2/4/2015,Quarter1,sweing,Wednesday,2,0.8,22.52,1263,6900,100,0,0,0,57.5,1.05028058,-1.984546938
2/4/2015,Quarter1,sweing,Wednesday,3,0.8,22.52,968,6840,113,0,0,0,57,1.000230409,-0.004973139755
2/4/2015,Quarter1,finishing,Wednesday,2,0.8,3.94,,2160,0,0,0,0,18,0.966759259,-0.8499064152
2/4/2015,Quarter1,finishing,Wednesday,1,0.8,3.94,,1200,0,0,0,0,10,0.929183333,-0.1608134861
2/4/2015,Quarter1,finishing,Wednesday,8,0.7,4.15,,3000,0,0,0,0,25,0.915766667,-0.5006704585
2/4/2015,Quarter1,sweing,Wednesday,9,0.8,22.52,1086,6960,50,0,0,0,58,0.799963218,1.169797112
2/4/2015,Quarter1,finishing,Wednesday,7,0.7,3.94,,960,0,0,0,0,8,0.779791667,-0.9699247107
2/4/2015,Quarter1,finishing,Wednesday,9,0.75,3.94,,960,0,0,0,0,8,0.755166667,0.2907513351
2/4/2015,Quarter1,sweing,Wednesday,6,0.7,18.79,941,3360,30,0,0,0,33,0.700710417,0.910134691
2/4/2015,Quarter1,sweing,Wednesday,7,0.7,24.26,1471,6960,0,0,0,0,58,0.700612069,0.3992364197
2/4/2015,Quarter1,sweing,Wednesday,11,0.7,10.05,1042,6120,60,0,0,0,53,0.700278846,1.067114908
2/4/2015,Quarter1,sweing,Wednesday,8,0.7,29.12,1248,6840,0,0,0,0,57,0.700135088,1.561232118
2/4/2015,Quarter1,finishing,Wednesday,6,0.7,2.9,,960,0,0,0,0,8,0.531666667,1.176673221
2/5/2015,Quarter1,sweing,Thursday,1,0.8,22.52,1485,6900,113,0,0,0,57.5,1.000018551,1.299922919
2/5/2015,Quarter1,sweing,Thursday,10,0.8,22.52,1039,6720,113,0,0,0,56,0.999995238,-0.7661285266
2/5/2015,Quarter1,finishing,Thursday,2,0.8,3.94,,2640,0,0,0,0,22,0.999924242,2.202471378
2/5/2015,Quarter1,sweing,Thursday,3,0.8,22.52,1063,6840,100,0,0,0,57,0.950185965,0.3061065076
2/5/2015,Quarter1,finishing,Thursday,6,0.7,2.9,,960,0,0,0,0,8,0.9425,-0.3629722286
2/5/2015,Quarter1,finishing,Thursday,12,0.8,4.08,,1080,0,0,0,0,9,0.906666667,-0.5812920158
2/5/2015,Quarter1,finishing,Thursday,7,0.7,3.94,,1200,0,0,0,0,10,0.8471,-1.249429059
2/5/2015,Quarter1,finishing,Thursday,1,0.8,3.94,,1440,0,0,0,0,12,0.845458333,0.6749691
2/5/2015,Quarter1,sweing,Thursday,9,0.8,29.12,1069,6960,50,0,0,0,58,0.799963218,1.598994706
2/5/2015,Quarter1,finishing,Thursday,10,0.8,3.94,,960,0,0,0,0,8,0.771583333,-0.2118179712
2/5/2015,Quarter1,sweing,Thursday,11,0.75,10.05,668,2520,34,0,0,0,26,0.7504,-0.9682165306
2/5/2015,Quarter1,sweing,Thursday,5,0.7,30.1,557,6960,0,0,0,0,58,0.562212644,-0.04435549872
2/5/2015,Quarter1,sweing,Thursday,8,0.7,24.26,1167,6840,0,0,0,0,57,0.496549708,1.184219023
2/7/2015,Quarter1,finishing,Saturday,2,0.8,3.94,,3000,0,0,0,0,25,1.050666667,-1.106497785
2/7/2015,Quarter1,sweing,Saturday,2,0.8,22.52,1186,6900,113,0,0,0,58,1.000018551,0.03298591687
2/7/2015,Quarter1,sweing,Saturday,1,0.8,22.52,1534,6780,88,0,0,0,57,0.900135693,-0.4381511218
2/7/2015,Quarter1,sweing,Saturday,10,0.8,22.52,1142,6720,88,0,0,0,56,0.900129762,1.02627346
2/7/2015,Quarter1,finishing,Saturday,12,0.8,4.08,,1080,0,0,0,0,9,0.899111111,0.3030389756
2/7/2015,Quarter1,finishing,Saturday,1,0.8,3.94,,1200,0,0,0,0,10,0.870083333,-0.1727169251
2/7/2015,Quarter1,finishing,Saturday,9,0.8,3.94,,960,0,0,0,0,8,0.771583333,0.3404613299
2/7/2015,Quarter1,sweing,Saturday,11,0.75,10.05,677,3240,45,0,0,0,27,0.750027778,-0.5617834909
2/7/2015,Quarter1,finishing,Saturday,7,0.7,3.94,,1200,0,0,0,0,10,0.715766667,-0.3358245463
2/7/2015,Quarter1,sweing,Saturday,7,0.7,24.26,658,6960,0,270,45,0,58,0.662270115,1.168281251
2/7/2015,Quarter1,finishing,Saturday,4,0.8,4.3,,960,0,0,0,0,8,0.447916667,-1.409850479
2/7/2015,Quarter1,sweing,Saturday,8,0.7,24.26,652,6840,0,300,37,0,57,0.365318713,0.8205451496
2/8/2015,Quarter2,finishing,Sunday,7,0.7,4.15,,1440,0,0,0,0,12,0.928680556,2.581318804
2/8/2015,Quarter2,sweing,Sunday,10,0.8,22.52,1388,6720,88,0,0,0,56,0.9008,0.4881768316
2/8/2015,Quarter2,sweing,Sunday,3,0.8,22.52,1283,6720,88,0,0,0,56,0.900129762,1.685870914
2/8/2015,Quarter2,finishing,Sunday,1,0.8,3.94,,1200,0,0,0,0,10,0.893066667,1.800668925
2/8/2015,Quarter2,finishing,Sunday,12,0.8,4.08,,1080,0,0,0,0,9,0.891555556,-1.005622926
2/8/2015,Quarter2,finishing,Sunday,8,0.7,4.15,,1800,0,0,0,0,15,0.840888889,-0.841419966
2/8/2015,Quarter2,sweing,Sunday,12,0.8,15.26,1026,2880,63,0,0,0,34,0.800355208,1.478489987
2/8/2015,Quarter2,sweing,Sunday,5,0.7,30.1,754,7020,0,0,0,0,58.5,0.700618234,0.945611819
2/8/2015,Quarter2,finishing,Sunday,6,0.75,2.9,,960,0,0,0,0,8,0.610208333,-1.027815292
2/8/2015,Quarter2,finishing,Sunday,9,0.8,3.94,,960,0,0,0,0,8,0.607416667,1.069475482
2/8/2015,Quarter2,sweing,Sunday,4,0.65,30.1,712,6780,44,0,0,1,56.5,0.568259587,0.405681198
2/8/2015,Quarter2,sweing,Sunday,7,0.7,24.26,148,6960,0,0,0,0,58,0.355534483,-0.7554638589
2/9/2015,Quarter2,finishing,Monday,2,0.8,3.94,,2160,0,0,0,0,18,1.057962963,0.422596148
2/9/2015,Quarter2,finishing,Monday,1,0.8,3.94,,1200,0,0,0,0,10,0.962016667,1.313011434
2/9/2015,Quarter2,sweing,Monday,10,0.8,22.52,1127,120,88,0,0,0,56,0.9008,1.278682821
2/9/2015,Quarter2,sweing,Monday,1,0.8,22.52,1506,3600,70,0,0,0,57,0.900509044,0.7433058053
2/9/2015,Quarter2,sweing,Monday,2,0.8,22.52,1413,360,70,0,0,0,57,0.900477825,-0.2103167421
2/9/2015,Quarter2,finishing,Monday,6,0.75,2.9,,960,0,0,0,0,8,0.888125,1.202421644
2/9/2015,Quarter2,sweing,Monday,12,0.8,15.26,970,4080,63,0,0,0,34,0.800401961,0.3227886492
2/9/2015,Quarter2,sweing,Monday,3,0.8,22.52,1271,5400,50,0,0,0,57,0.800161172,-0.8332623219
2/9/2015,Quarter2,sweing,Monday,9,0.8,29.12,1073,6960,50,0,0,0,58,0.799963218,-1.342753465
2/9/2015,Quarter2,sweing,Monday,4,0.7,30.1,767,3300,50,0,0,1,57,0.790003236,0.2865447538
2/9/2015,Quarter2,sweing,Monday,11,0.75,10.05,103,0,45,0,0,0,54,0.750648148,-0.1279009344
2/9/2015,Quarter2,finishing,Monday,8,0.35,4.15,,1800,0,0,0,0,15,0.707111111,0.1108536525
2/9/2015,Quarter2,sweing,Monday,5,0.7,30.1,773,7020,40,0,0,0,58,0.700618234,-0.2179280502
2/9/2015,Quarter2,finishing,Monday,9,0.8,3.94,,960,0,0,0,0,8,0.697708333,-0.7368603225
2/9/2015,Quarter2,sweing,Monday,6,0.75,18.79,708,4080,0,0,0,0,34,0.612517157,-2.629276091
2/9/2015,Quarter2,sweing,Monday,7,0.35,30.1,842,6960,0,0,0,1,58,0.350301724,0.875398091
2/10/2015,Quarter2,finishing,Tuesday,12,0.8,4.08,,1080,0,0,0,0,9,1.004888889,-0.2792934123
2/10/2015,Quarter2,finishing,Tuesday,2,0.8,3.94,,2160,0,0,0,0,18,0.966759259,-0.1140229865
2/10/2015,Quarter2,sweing,Tuesday,10,0.8,22.52,1268,0,88,0,0,0,56,0.90063244,0.66027875
2/10/2015,Quarter2,sweing,Tuesday,1,0.8,22.52,1546,0,88,0,0,0,57,0.90047076,0.03873311736
2/10/2015,Quarter2,sweing,Tuesday,3,0.8,22.52,813,0,88,0,0,0,57,0.90047076,-0.6625554745
2/10/2015,Quarter2,sweing,Tuesday,2,0.8,22.52,1512,0,88,0,0,0,57,0.899984058,2.486074408
2/10/2015,Quarter2,sweing,Tuesday,12,0.8,15.26,900,4080,50,0,0,0,34,0.800401961,0.847712144
2/10/2015,Quarter2,finishing,Tuesday,4,0.7,4.15,,1800,0,0,0,0,15,0.796755556,-0.950736861
2/10/2015,Quarter2,sweing,Tuesday,6,0.75,18.79,640,2400,0,0,0,0,34,0.750797009,-0.6476795649
2/10/2015,Quarter2,sweing,Tuesday,11,0.8,10.05,13,3240,34,0,0,0,54,0.750648148,0.4859720006
2/10/2015,Quarter2,sweing,Tuesday,5,0.75,30.1,855,7020,45,0,0,0,58,0.750356125,0.6289116463
2/10/2015,Quarter2,sweing,Tuesday,4,0.7,30.1,855,7020,40,0,0,1,58,0.700618234,-0.9322918359
2/10/2015,Quarter2,finishing,Tuesday,9,0.8,3.94,,960,0,0,0,0,8,0.6895,0.4880293725
2/10/2015,Quarter2,finishing,Tuesday,6,0.75,2.9,,960,0,0,0,0,8,0.628333333,-1.275856224
2/10/2015,Quarter2,sweing,Tuesday,7,0.5,30.1,1025,6960,23,0,0,1,58,0.500801724,0.09095300778
2/10/2015,Quarter2,sweing,Tuesday,8,0.5,30.1,1061,6960,30,0,0,1,58,0.393548851,-1.328998226
2/11/2015,Quarter2,finishing,Wednesday,12,0.8,4.08,,1080,0,0,0,0,9,1.02,-0.677426446
2/11/2015,Quarter2,sweing,Wednesday,2,0.8,22.52,1557,0,90,0,0,0,57.5,1.000344928,-1.301870143
2/11/2015,Quarter2,sweing,Wednesday,1,0.8,22.52,1498,0,113,0,0,0,57,1.000065789,1.366800322
2/11/2015,Quarter2,finishing,Wednesday,8,0.35,4.15,,1440,0,0,0,0,12,0.994375,-0.1687606156
2/11/2015,Quarter2,finishing,Wednesday,2,0.8,3.94,,2160,0,0,0,0,18,0.912037037,-0.620593596
2/11/2015,Quarter2,sweing,Wednesday,6,0.8,18.79,656,3480,38,0,0,0,34,0.800947475,-0.6144635255
2/11/2015,Quarter2,sweing,Wednesday,9,0.8,29.12,609,3240,50,0,0,0,58,0.800144144,0.7884496656
2/11/2015,Quarter2,sweing,Wednesday,8,0.6,30.1,1069,4560,30,0,0,1,58,0.714410494,1.193169125
2/11/2015,Quarter2,sweing,Wednesday,4,0.7,30.1,667,5940,40,0,0,1,59.5,0.700588406,-0.03597880941
2/11/2015,Quarter2,finishing,Wednesday,1,0.8,3.94,,1440,0,0,0,0,12,0.618361111,-1.040289676
2/11/2015,Quarter2,sweing,Wednesday,7,0.6,30.1,829,3360,23,0,0,1,58,0.600070513,-1.015609121
2/11/2015,Quarter2,finishing,Wednesday,9,0.8,3.94,,960,0,0,0,0,8,0.54175,0.6689954253
2/11/2015,Quarter2,sweing,Wednesday,3,0.8,22.52,11,6840,0,0,0,1,57,0.536901754,0.9697059451
2/12/2015,Quarter2,sweing,Thursday,1,0.8,22.52,1397,0,138,0,0,0,57,1.100483918,1.050229585
2/12/2015,Quarter2,finishing,Thursday,4,0.7,4.15,,1800,0,0,0,0,15,1.096633333,1.73803583
2/12/2015,Quarter2,sweing,Thursday,2,0.8,22.52,1327,0,113,0,0,0,57.5,1.000344928,2.010987532
2/12/2015,Quarter2,finishing,Thursday,12,0.8,4.08,,1080,0,0,0,0,9,0.838666667,0.5905857861
2/12/2015,Quarter2,sweing,Thursday,5,0.75,30.1,610,7080,56,0,0,0,59,0.750799435,0.5033516106
2/12/2015,Quarter2,sweing,Thursday,6,0.8,18.79,779,3960,0,0,0,0,33,0.688017677,0.2460665004
2/12/2015,Quarter2,sweing,Thursday,4,0.7,30.1,419,7080,0,0,0,1,59,0.637711864,-0.2305840718
2/12/2015,Quarter2,finishing,Thursday,2,0.8,3.94,,2160,0,0,0,0,18,0.601944444,-0.4692029109
2/12/2015,Quarter2,sweing,Thursday,7,0.65,30.1,909,7080,0,0,0,1,59,0.535677966,0.8584148543
2/12/2015,Quarter2,sweing,Thursday,11,0.5,11.41,1039,2280,0,0,0,2,55,0.50012336,1.258714164
2/12/2015,Quarter2,sweing,Thursday,8,0.65,30.1,1193,7080,0,0,0,1,59,0.463403955,-0.3742283262
2/12/2015,Quarter2,sweing,Thursday,10,0.8,22.52,10,6000,0,0,0,0,50,0.441392,-0.207450829
2/12/2015,Quarter2,sweing,Thursday,3,0.35,30.1,770,6960,0,0,0,1,58,0.350301724,1.627410783
2/14/2015,Quarter2,sweing,Saturday,1,0.8,22.52,1416,6840,113,0,0,0,57,1.000230409,0.09757663584
2/14/2015,Quarter2,finishing,Saturday,7,0.7,4.15,,1800,0,0,0,0,15,0.929277778,1.650962073
2/14/2015,Quarter2,sweing,Saturday,12,0.8,15.26,942,4080,63,0,0,0,34,0.800401961,2.759602348
2/14/2015,Quarter2,finishing,Saturday,1,0.8,3.94,,1440,0,0,0,0,12,0.796208333,-0.1304408468
2/14/2015,Quarter2,sweing,Saturday,4,0.75,30.1,481,7140,0,0,0,1,59,0.750392157,-1.073245689
2/14/2015,Quarter2,sweing,Saturday,5,0.75,30.1,664,7140,56,0,0,0,59,0.750392157,-0.2168884094
2/14/2015,Quarter2,finishing,Saturday,8,0.7,4.15,,960,0,0,0,0,8,0.725625,-0.9062802461
2/14/2015,Quarter2,sweing,Saturday,7,0.7,30.1,957,7200,0,0,0,1,60,0.602,1.504044632
2/14/2015,Quarter2,sweing,Saturday,6,0.8,18.79,822,4080,0,0,0,0,34,0.557252451,0.7332073354
2/14/2015,Quarter2,sweing,Saturday,3,0.5,30.1,1261,6960,30,0,0,1,58,0.500801724,0.7454587563
2/14/2015,Quarter2,finishing,Saturday,9,0.8,3.94,,960,0,0,0,0,8,0.238041667,-1.911515402
2/15/2015,Quarter3,finishing,Sunday,1,0.8,3.94,,960,0,0,0,0,8,1.1204375,-1.723872535
2/15/2015,Quarter3,finishing,Sunday,2,0.8,3.94,,960,0,0,0,0,8,1.108125,0.295942498
2/15/2015,Quarter3,sweing,Sunday,1,0.8,22.52,1420,6840,113,0,0,0,57,1.000230409,-0.3214713028
2/15/2015,Quarter3,finishing,Sunday,12,0.8,4.08,,1080,0,0,0,0,9,0.876444444,1.463830172
2/15/2015,Quarter3,finishing,Sunday,5,0.75,4.15,,240,0,0,0,0,2,0.760833333,0.9852630918
2/15/2015,Quarter3,sweing,Sunday,5,0.8,30.1,679,7140,0,0,0,0,59.5,0.722568627,0.4553664932
2/15/2015,Quarter3,finishing,Sunday,11,0.6,2.9,,1200,0,0,0,0,10,0.715333333,-0.3674091261
2/15/2015,Quarter3,sweing,Sunday,7,0.7,30.1,881,7080,0,0,0,1,59,0.700632768,-0.593119254
2/15/2015,Quarter3,sweing,Sunday,11,0.65,11.41,700,2640,23,0,0,2,53,0.650223718,1.723937389
2/15/2015,Quarter3,finishing,Sunday,6,0.8,2.9,,960,0,0,0,0,8,0.604166667,0.4679739083
2/15/2015,Quarter3,sweing,Sunday,2,0.8,22.52,12,6900,0,0,0,0,57.5,0.432122899,-1.372101825
2/15/2015,Quarter3,sweing,Sunday,9,0.5,18.79,1688,5280,0,0,0,1,54,0.283054487,0.1134122989
2/16/2015,Quarter3,sweing,Monday,1,0.8,22.52,1422,6840,113,0,0,0,57,1.000230409,0.2005157515
2/16/2015,Quarter3,finishing,Monday,9,0.8,3.94,,1200,0,0,0,0,10,0.960433333,-0.162843238
2/16/2015,Quarter3,sweing,Monday,3,0.65,30.1,1263,600,63,0,0,1,58,0.802243319,0.2264972989
2/16/2015,Quarter3,sweing,Monday,5,0.8,30.1,461,0,0,0,0,0,59,0.800980392,-0.9644758576
2/16/2015,Quarter3,sweing,Monday,12,0.8,15.26,1079,3720,38,0,0,0,34,0.800312375,0.505348368
2/16/2015,Quarter3,finishing,Monday,6,0.8,2.9,,960,0,0,0,0,8,0.773333333,-0.66242657
2/16/2015,Quarter3,sweing,Monday,4,0.75,30.1,912,7020,0,0,0,1,58,0.750356125,-0.1466174041
2/16/2015,Quarter3,sweing,Monday,7,0.7,30.1,784,600,30,0,0,1,59,0.700459889,0.6948685209
2/16/2015,Quarter3,finishing,Monday,5,0.75,4.15,,1200,0,0,0,0,10,0.629416667,0.4219619347
2/16/2015,Quarter3,sweing,Monday,11,0.7,11.41,680,2160,30,0,0,2,54,0.565972222,0.1595525571
2/16/2015,Quarter3,sweing,Monday,9,0.6,18.79,2103,5400,0,0,0,1,54,0.329964879,-0.6796862863
2/16/2015,Quarter3,finishing,Monday,7,0.7,4.15,,1800,0,0,0,0,15,0.258,0.4728953438
2/17/2015,Quarter3,sweing,Tuesday,1,0.8,22.52,1445,6840,113,0,0,0,57,1.000230409,-0.4806070908
2/17/2015,Quarter3,finishing,Tuesday,10,0.8,3.94,,960,0,0,0,0,8,0.927541667,1.583033406
2/17/2015,Quarter3,finishing,Tuesday,7,0.7,5.13,,1200,0,0,0,0,10,0.91375,0.05668004177
2/17/2015,Quarter3,finishing,Tuesday,3,0.5,5.13,,1800,0,0,0,0,15,0.7866,0.3944125128
2/17/2015,Quarter3,sweing,Tuesday,4,0.75,30.1,849,7020,45,0,0,1,58,0.750356125,-0.3550323865
2/17/2015,Quarter3,sweing,Tuesday,7,0.7,30.1,562,840,30,0,0,1,59,0.700888203,0.647330121
2/17/2015,Quarter3,sweing,Tuesday,3,0.7,30.1,1422,6960,50,0,0,1,58,0.700603448,0.1487605539
2/17/2015,Quarter3,finishing,Tuesday,4,0.75,5.13,,960,0,0,0,0,8,0.656666667,-1.47738336
2/17/2015,Quarter3,sweing,Tuesday,5,0.8,30.1,680,7140,0,0,0,0,59,0.653431373,-2.105445361
2/17/2015,Quarter3,sweing,Tuesday,9,0.65,18.79,2120,5520,0,0,0,1,51,0.650134,-1.23467391
2/17/2015,Quarter3,finishing,Tuesday,9,0.8,3.94,,960,0,0,0,0,8,0.586041667,0.214411582
2/17/2015,Quarter3,finishing,Tuesday,2,0.8,5.13,,1800,0,0,0,0,15,0.5814,1.610186401
2/17/2015,Quarter3,sweing,Tuesday,2,0.5,30.33,838,6720,0,0,0,1,56,0.361071429,0.5783063713
2/18/2015,Quarter3,finishing,Wednesday,12,0.8,5.13,,1200,0,0,0,0,10,0.9918,-0.724338791
2/18/2015,Quarter3,finishing,Wednesday,2,0.8,5.13,,1440,0,0,0,0,12,0.919125,0.1839191901
2/18/2015,Quarter3,sweing,Wednesday,4,0.8,30.1,864,480,50,0,0,1,58,0.800980392,0.9501260231
2/18/2015,Quarter3,sweing,Wednesday,5,0.8,30.1,511,0,0,0,0,0,59,0.800980392,-1.653204099
2/18/2015,Quarter3,sweing,Wednesday,12,0.8,15.26,1095,4080,63,0,0,0,34,0.800401961,0.1396081254
2/18/2015,Quarter3,sweing,Wednesday,6,0.75,18.79,759,3960,34,0,0,0,33,0.75065101,-1.359960261
2/18/2015,Quarter3,sweing,Wednesday,7,0.75,30.1,553,2280,45,0,0,1,59,0.75053268,-0.3712214893
2/18/2015,Quarter3,finishing,Wednesday,4,0.75,5.13,,960,0,0,0,0,8,0.734645833,0.5110704387
2/18/2015,Quarter3,sweing,Wednesday,3,0.7,30.1,1057,0,40,0,0,1,58,0.700603448,-2.540695428
2/18/2015,Quarter3,sweing,Wednesday,9,0.7,18.79,1587,4560,30,0,0,1,51,0.70009573,-0.9162656801
2/18/2015,Quarter3,finishing,Wednesday,7,0.7,5.13,,960,0,0,0,0,8,0.671875,0.03181362607
2/18/2015,Quarter3,finishing,Wednesday,10,0.8,3.94,,960,0,0,0,0,8,0.64025,1.427027848
2/18/2015,Quarter3,finishing,Wednesday,8,0.7,5.13,,960,0,0,0,0,8,0.58,-0.6981955176
2/18/2015,Quarter3,sweing,Wednesday,10,0.7,19.68,1119,5640,0,8,35,1,47,0.303574468,1.912359857
2/18/2015,Quarter3,finishing,Wednesday,3,0.5,5.13,,960,0,0,0,0,8,0.2565,-2.398124926
2/18/2015,Quarter3,sweing,Wednesday,8,0.65,29.4,962,4560,0,4.5,30,2,57,0.251399254,-0.5827743661
2/19/2015,Quarter3,finishing,Thursday,3,0.5,5.13,,2880,0,0,0,0,12,0.81640625,-0.4581433951
2/19/2015,Quarter3,sweing,Thursday,4,0.8,30.1,859,7020,63,0,0,1,58.5,0.800094017,-2.70671975
2/19/2015,Quarter3,sweing,Thursday,5,0.8,30.1,276,600,63,3.5,15,0,59.5,0.799982853,1.143361839
2/19/2015,Quarter3,finishing,Thursday,6,0.8,2.9,,4320,0,0,0,0,18,0.785864198,-0.5399766522
2/19/2015,Quarter3,sweing,Thursday,6,0.75,18.79,899,3960,56,0,0,0,33,0.75065101,-0.03930338331
2/19/2015,Quarter3,finishing,Thursday,10,0.8,3.94,,2400,0,0,0,0,10,0.733277778,0.4331806783
2/19/2015,Quarter3,finishing,Thursday,2,0.8,5.13,,3600,0,0,0,0,15,0.710125,-0.1285069689
2/19/2015,Quarter3,sweing,Thursday,11,0.7,11.41,653,3480,30,0,0,2,58,0.700540441,-1.039945934
2/19/2015,Quarter3,sweing,Thursday,8,0.7,29.4,1116,6240,0,0,0,2,57,0.7,-0.1743458469
2/19/2015,Quarter3,finishing,Thursday,8,0.7,5.13,,1920,0,0,0,0,8,0.672135417,-0.2141416156
2/19/2015,Quarter3,sweing,Thursday,9,0.7,18.79,1603,6120,30,0,0,1,51,0.638614379,-0.2361144562
2/19/2015,Quarter3,finishing,Thursday,5,0.75,5.13,,1920,0,0,0,0,8,0.631354167,-0.5830100822
2/19/2015,Quarter3,sweing,Thursday,7,0.75,30.1,444,0,0,5,20,1,59,0.611140537,2.669600619
2/19/2015,Quarter3,finishing,Thursday,12,0.8,5.13,,2160,0,0,0,0,9,0.609583333,1.516889456
2/19/2015,Quarter3,sweing,Thursday,2,0.65,30.33,841,6840,0,0,0,1,57,0.585315789,0.5253883072
2/19/2015,Quarter3,sweing,Thursday,10,0.7,19.68,1410,5760,0,0,0,1,48,0.249416667,-0.6673772357
2/22/2015,Quarter4,finishing,Sunday,6,0.8,2.9,,960,0,0,0,0,8,0.8319375,1.359619319
2/22/2015,Quarter4,finishing,Sunday,2,0.8,5.13,,4800,0,0,0,0,20,0.8300625,-0.06242206905
2/22/2015,Quarter4,finishing,Sunday,11,0.6,2.9,,2880,0,0,0,0,12,0.805555556,-0.2181995978
2/22/2015,Quarter4,sweing,Sunday,12,0.8,15.26,1103,4080,63,0,0,0,34,0.800401961,0.01567477155
2/22/2015,Quarter4,finishing,Sunday,12,0.8,5.13,,2400,0,0,0,0,10,0.78375,-0.7169590887
2/22/2015,Quarter4,finishing,Sunday,9,0.8,3.94,,2400,0,0,0,0,10,0.753525,1.795516001
2/22/2015,Quarter4,finishing,Sunday,1,0.8,3.94,,2880,0,0,0,0,12,0.727349537,0.06325231473
2/22/2015,Quarter4,sweing,Sunday,8,0.7,29.4,1146,6840,40,0,0,2,57,0.700614035,0.3791055899
2/22/2015,Quarter4,sweing,Sunday,9,0.7,18.79,1717,3240,30,0,0,1,57,0.627011183,0.07180976769
2/22/2015,Quarter4,sweing,Sunday,3,0.7,30.1,1041,8160,33,0,0,2,58,0.626577778,1.1823931
2/22/2015,Quarter4,sweing,Sunday,10,0.7,21.25,1531,6000,0,0,0,1,50,0.456875,0.03178265788
2/22/2015,Quarter4,sweing,Sunday,7,0.75,30.1,627,6960,0,3.5,20,1,58,0.393548851,2.374957412
2/22/2015,Quarter4,sweing,Sunday,5,0.8,30.1,450,5700,0,4.5,25,0,60,0.307501459,0.2745067921
2/22/2015,Quarter4,finishing,Sunday,7,0.7,5.13,,960,0,0,0,0,8,0.283958333,-0.6214854948
2/23/2015,Quarter4,finishing,Monday,10,0.8,3.94,,2400,0,0,0,0,20,0.955791667,0.7593167126
2/23/2015,Quarter4,finishing,Monday,8,0.7,5.13,,960,0,0,0,0,8,0.930416667,0.3638969641
2/23/2015,Quarter4,finishing,Monday,3,0.8,5.13,,2160,0,0,0,0,18,0.87115,-2.134899613
2/23/2015,Quarter4,sweing,Monday,12,0.8,15.26,1060,4080,63,0,0,0,34,0.800401961,0.3769404495
2/23/2015,Quarter4,sweing,Monday,4,0.8,30.1,891,7140,38,0,0,1,59,0.800137255,0.87826957
2/23/2015,Quarter4,sweing,Monday,5,0.8,30.1,541,7140,38,0,0,0,59,0.800137255,0.1329437558
2/23/2015,Quarter4,sweing,Monday,7,0.75,30.1,709,6960,45,0,0,1,58,0.750770115,0.7480620958
2/23/2015,Quarter4,sweing,Monday,6,0.75,18.79,1100,3960,45,0,0,0,33,0.75065101,-2.563812481
2/23/2015,Quarter4,sweing,Monday,11,0.75,11.41,826,2820,0,0,0,2,58,0.750293939,0.8626647791
2/23/2015,Quarter4,sweing,Monday,2,0.7,30.33,577,2160,30,0,0,1,58,0.700623,0.9371687692
2/23/2015,Quarter4,sweing,Monday,3,0.7,29.4,1228,6960,30,0,0,2,58,0.700362069,-0.6505942684
2/23/2015,Quarter4,sweing,Monday,10,0.7,21.25,1583,6000,0,0,0,1,50,0.417916667,0.6583178262
2/23/2015,Quarter4,finishing,Monday,6,0.8,2.9,,960,0,0,0,0,8,0.3715625,-0.4937393746
2/23/2015,Quarter4,finishing,Monday,2,0.8,5.13,,960,0,0,0,0,8,0.36871875,-0.08136617096
2/23/2015,Quarter4,finishing,Monday,7,0.7,5.13,,960,0,0,0,0,8,0.356458333,2.027876071
2/24/2015,Quarter4,finishing,Tuesday,10,0.7,2.9,,1800,0,0,0,0,15,0.902222222,-1.427478273
2/24/2015,Quarter4,finishing,Tuesday,3,0.8,4.6,,1440,0,0,0,0,12,0.811388889,0.565780005
2/24/2015,Quarter4,sweing,Tuesday,5,0.8,30.1,450,7140,50,0,0,0,60,0.800137255,1.42221239
2/24/2015,Quarter4,sweing,Tuesday,4,0.8,30.1,901,6480,50,0,0,1,59,0.800071839,-0.5537468277
2/24/2015,Quarter4,finishing,Tuesday,8,0.7,4.6,,960,0,0,0,0,8,0.791458333,0.8017454603
2/24/2015,Quarter4,sweing,Tuesday,7,0.75,30.1,739,5640,45,0,0,1,59,0.750727326,-1.089431007
2/24/2015,Quarter4,sweing,Tuesday,6,0.75,18.79,913,3360,45,0,0,0,33,0.75065101,-0.7257274182
2/24/2015,Quarter4,finishing,Tuesday,6,0.75,2.9,,1800,0,0,0,0,15,0.726933333,-1.225656467
2/24/2015,Quarter4,finishing,Tuesday,9,0.7,2.9,,1800,0,0,0,0,15,0.726933333,-0.7243655857
2/24/2015,Quarter4,sweing,Tuesday,2,0.7,30.33,408,1680,30,0,0,1,59,0.700623,0.9382079917
2/24/2015,Quarter4,sweing,Tuesday,8,0.7,29.4,1079,4560,40,0,0,2,58,0.700518519,-0.7768534644
2/24/2015,Quarter4,finishing,Tuesday,11,0.7,2.9,,960,0,0,0,0,8,0.5046875,-0.1002990206
2/24/2015,Quarter4,sweing,Tuesday,10,0.7,21.25,1834,6360,0,0,0,1,53,0.471108491,-1.271497411
2/24/2015,Quarter4,sweing,Tuesday,1,0.6,22.53,708,5040,0,0,0,1,42,0.268214286,-0.7154789331
2/25/2015,Quarter4,sweing,Wednesday,9,0.75,18.79,1085,6240,56,0,0,1,52,0.970816667,-0.2572482823
2/25/2015,Quarter4,finishing,Wednesday,5,0.8,4.6,,1080,0,0,0,0,9,0.902962963,0.5525329816
2/25/2015,Quarter4,finishing,Wednesday,3,0.8,4.6,,2400,0,0,0,0,20,0.900833333,-1.892675404
2/25/2015,Quarter4,finishing,Wednesday,12,0.8,4.6,,1800,0,0,0,0,15,0.899555556,-0.7849844034
2/25/2015,Quarter4,finishing,Wednesday,10,0.7,2.9,,1200,0,0,0,0,10,0.845833333,-0.640673939
2/25/2015,Quarter4,sweing,Wednesday,12,0.8,15.26,1053,4080,50,0,0,0,34,0.800401961,1.659253206
2/25/2015,Quarter4,sweing,Wednesday,6,0.75,18.79,1003,3960,45,0,0,1,33,0.75065101,2.075860498
2/25/2015,Quarter4,sweing,Wednesday,8,0.7,29.4,847,6960,30,0,0,1,58,0.700362069,-1.106624659
2/25/2015,Quarter4,finishing,Wednesday,7,0.75,4.6,,960,0,0,0,0,8,0.676666667,-1.688259628
2/25/2015,Quarter4,finishing,Wednesday,8,0.7,4.6,,960,0,0,0,0,8,0.658541667,-0.2038127107
2/25/2015,Quarter4,sweing,Wednesday,5,0.8,30.1,15,1200,49,0,0,1,59,0.598792339,0.6350786766
2/25/2015,Quarter4,finishing,Wednesday,2,0.7,3.9,,960,0,0,0,0,8,0.440375,0.4225887781
2/25/2015,Quarter4,finishing,Wednesday,6,0.75,2.9,,960,0,0,0,0,8,0.410833333,-0.7357936451
2/25/2015,Quarter4,finishing,Wednesday,9,0.7,2.9,,960,0,0,0,0,8,0.410833333,0.5965840531
2/26/2015,Quarter4,sweing,Thursday,7,0.8,30.1,694,4080,50,0,0,1,59,0.800808642,-0.8133674951
2/26/2015,Quarter4,sweing,Thursday,12,0.8,15.26,1065,4080,63,0,0,0,34,0.800401961,-0.4710493803
2/26/2015,Quarter4,sweing,Thursday,9,0.75,18.79,1020,5640,45,0,0,1,52,0.750371895,0.01792378935
2/26/2015,Quarter4,sweing,Thursday,8,0.75,29.4,916,6960,56,0,0,2,58,0.750206897,0.3251029956
2/26/2015,Quarter4,sweing,Thursday,2,0.7,30.33,398,6960,0,0,0,1,58,0.66237931,2.0989368
2/26/2015,Quarter4,finishing,Thursday,2,0.7,3.9,,960,0,0,0,0,8,0.5565625,1.055688211
2/26/2015,Quarter4,sweing,Thursday,4,0.8,30.1,437,7080,32,0,0,2,59,0.495617514,-0.1675907573
2/26/2015,Quarter4,sweing,Thursday,5,0.35,27.48,413,6840,38,0,0,1,57,0.449964912,-0.3544291953
2/26/2015,Quarter4,sweing,Thursday,1,0.35,26.66,1164,6600,23,0,0,2,55,0.378895152,-1.992680078
2/26/2015,Quarter4,finishing,Thursday,8,0.75,4.6,,3360,0,0,0,0,8,0.376597222,0.01158450509
2/26/2015,Quarter4,finishing,Thursday,6,0.75,2.9,,3360,0,0,0,0,8,0.271875,0.935421413
2/28/2015,Quarter4,finishing,Saturday,3,0.8,4.6,,6300,0,0,0,0,15,0.921703704,-1.82972038
2/28/2015,Quarter4,sweing,Saturday,12,0.8,15.26,1194,1700,62,0,0,0,34,0.800260821,-0.9332727872
2/28/2015,Quarter4,sweing,Saturday,7,0.8,30.1,644,840,38,0,0,1,59,0.799982853,0.1551342076
2/28/2015,Quarter4,finishing,Saturday,1,0.5,3.94,,3360,0,0,0,0,8,0.768847222,0.1813215015
2/28/2015,Quarter4,sweing,Saturday,6,0.75,18.79,1012,3960,45,0,0,0,33,0.75065101,-0.9215161303
2/28/2015,Quarter4,sweing,Saturday,8,0.75,29.4,792,4560,56,0,0,2,58,0.750425926,0.1334182924
2/28/2015,Quarter4,sweing,Saturday,2,0.7,30.33,512,4560,0,0,0,1,58,0.700211111,1.016581095
2/28/2015,Quarter4,finishing,Saturday,12,0.8,4.6,,3780,0,0,0,0,9,0.590617284,-0.5387558831
2/28/2015,Quarter4,finishing,Saturday,2,0.7,3.9,,960,0,0,0,0,8,0.5565625,-0.1270381327
2/28/2015,Quarter4,sweing,Saturday,4,0.5,26.66,556,6960,23,0,0,2,58,0.500258046,-0.4941098881
2/28/2015,Quarter4,finishing,Saturday,10,0.7,2.9,,3360,0,0,0,0,8,0.410833333,-0.2891893655
2/28/2015,Quarter4,finishing,Saturday,9,0.75,2.9,,960,0,0,0,0,8,0.4078125,-0.4714670997
2/28/2015,Quarter4,finishing,Saturday,6,0.75,2.9,,3360,0,0,0,0,8,0.271875,0.4462245708
3/1/2015,Quarter1,finishing,Sunday,3,0.8,4.6,,10500,0,0,0,0,25,0.936355556,0.2464406507
3/1/2015,Quarter1,finishing,Sunday,8,0.75,4.6,,3360,0,0,0,0,8,0.813611111,-0.3458085498
3/1/2015,Quarter1,sweing,Sunday,12,0.8,15.26,1106,4080,63,0,0,0,34,0.800401961,0.8880362072
3/1/2015,Quarter1,sweing,Sunday,6,0.75,18.79,1193,3960,45,0,0,0,33,0.75065101,-0.6992553326
3/1/2015,Quarter1,sweing,Sunday,3,0.75,29.4,1143,6840,45,0,0,0,57,0.750473684,-1.863440579
3/1/2015,Quarter1,sweing,Sunday,5,0.6,27.48,549,6720,38,0,0,0,56,0.707446429,-0.5024841042
3/1/2015,Quarter1,sweing,Sunday,10,0.7,21.82,1393,5640,30,0,0,0,52,0.700236601,1.549949423
3/1/2015,Quarter1,sweing,Sunday,1,0.6,26.66,1578,6840,38,0,0,0,57,0.700019883,2.473823601
3/1/2015,Quarter1,sweing,Sunday,11,0.8,11.61,347,0,50,4,20,0,57,0.682433036,0.1780174026
3/1/2015,Quarter1,finishing,Sunday,4,0.6,3.94,,960,0,0,0,0,8,0.673083333,-0.4506887003
3/1/2015,Quarter1,sweing,Sunday,4,0.6,26.66,692,6840,23,0,0,0,57,0.600239766,0.3041959225
3/1/2015,Quarter1,finishing,Sunday,2,0.7,3.9,,960,0,0,0,0,8,0.585,0.659291827
3/1/2015,Quarter1,sweing,Sunday,7,0.8,30.1,934,6960,0,3.5,15,0,58,0.579511494,-1.1217131
3/1/2015,Quarter1,finishing,Sunday,1,0.6,3.94,,3360,0,0,0,0,8,0.448722222,1.97891943
3/1/2015,Quarter1,finishing,Sunday,7,0.8,4.6,,3360,0,0,0,0,8,0.350416667,0.1394988809
3/2/2015,Quarter1,finishing,Monday,2,0.7,3.9,,1200,0,0,0,0,10,0.92885,-1.105294358
3/2/2015,Quarter1,finishing,Monday,3,0.8,4.6,,10080,0,0,0,0,24,0.86037037,0.2037740026
3/2/2015,Quarter1,finishing,Monday,4,0.65,3.94,,960,0,0,0,0,8,0.806879167,0.1004758988
3/2/2015,Quarter1,sweing,Monday,1,0.65,26.66,1527,6840,65,0,0,0,57,0.800579532,1.064314183
3/2/2015,Quarter1,sweing,Monday,12,0.8,15.26,1035,4080,63,0,0,0,34,0.800401961,-0.8615362993
3/2/2015,Quarter1,finishing,Monday,9,0.75,2.9,,1200,0,0,0,0,10,0.8004,0.8859716924
3/2/2015,Quarter1,sweing,Monday,11,0.8,11.61,632,0,50,0,0,0,57,0.800309211,2.308342559
3/2/2015,Quarter1,sweing,Monday,3,0.8,29.4,1231,4680,50,0,0,0,57,0.800149813,0.9110004793
3/2/2015,Quarter1,sweing,Monday,7,0.8,30.1,616,7080,0,0,0,0,59,0.800115819,-0.1350884208
3/2/2015,Quarter1,finishing,Monday,8,0.75,4.6,,3360,0,0,0,0,8,0.773333333,-0.9182997295
3/2/2015,Quarter1,sweing,Monday,9,0.75,18.79,935,6240,45,0,0,0,52,0.750395513,-1.410427776
3/2/2015,Quarter1,sweing,Monday,5,0.65,27.48,544,6720,34,0,0,0,56,0.700903571,1.662579342
3/2/2015,Quarter1,sweing,Monday,10,0.7,21.82,1511,3600,30,0,0,0,51,0.70013604,0.6884399762
3/2/2015,Quarter1,finishing,Monday,10,0.7,2.9,,3360,0,0,0,0,8,0.632361111,-0.6544320606
3/2/2015,Quarter1,finishing,Monday,1,0.65,3.94,,3360,0,0,0,0,8,0.537919444,-0.07154418403
3/3/2015,Quarter1,finishing,Tuesday,3,0.8,4.6,,6300,0,0,0,0,15,0.902962963,0.9459260947
3/3/2015,Quarter1,sweing,Tuesday,12,0.8,15.26,983,4080,50,0,0,0,34,0.800401961,-0.06143677595
3/3/2015,Quarter1,sweing,Tuesday,7,0.8,30.1,29,7080,50,0,0,0,59,0.800115819,0.5051635709
3/3/2015,Quarter1,sweing,Tuesday,4,0.7,26.66,950,6960,50,0,0,0,58,0.750770115,0.2248156678
3/3/2015,Quarter1,sweing,Tuesday,8,0.75,29.4,534,6840,56,0,0,0,57,0.750473684,-2.075447453
3/3/2015,Quarter1,sweing,Tuesday,9,0.75,18.79,1096,6240,34,0,0,0,52,0.750395513,1.66654353
3/3/2015,Quarter1,sweing,Tuesday,6,0.75,20.2,402,3120,45,0,0,0,33,0.750212553,1.094454681
3/3/2015,Quarter1,finishing,Tuesday,8,0.75,4.6,,3360,0,0,0,0,8,0.702777778,1.273675884
3/3/2015,Quarter1,sweing,Tuesday,5,0.7,27.48,573,6840,30,0,0,0,57,0.700659649,1.914187615
3/3/2015,Quarter1,finishing,Tuesday,12,0.8,4.6,,3780,0,0,0,0,9,0.636049383,1.16923723
3/3/2015,Quarter1,finishing,Tuesday,2,0.4,3.9,,6300,0,0,0,0,15,0.567377778,0.596206857
3/3/2015,Quarter1,finishing,Tuesday,1,0.7,3.94,,3360,0,0,0,0,8,0.555430556,0.8480968918
3/3/2015,Quarter1,finishing,Tuesday,4,0.7,3.94,,3360,0,0,0,0,8,0.555430556,0.6183991497
3/3/2015,Quarter1,finishing,Tuesday,5,0.7,4.6,,3360,0,0,0,0,8,0.354444444,0.1453339531
3/3/2015,Quarter1,finishing,Tuesday,6,0.75,2.9,,3360,0,0,0,0,8,0.309333333,-1.522544962
3/3/2015,Quarter1,sweing,Tuesday,2,0.4,15.28,157,5400,0,6.5,30,1,45,0.30277037,0.6277688499
3/4/2015,Quarter1,finishing,Wednesday,12,0.8,4.6,,1080,0,0,0,0,9,0.885925926,0.1803437072
3/4/2015,Quarter1,finishing,Wednesday,1,0.7,3.94,,960,0,0,0,0,8,0.806879167,0.2657477323
3/4/2015,Quarter1,finishing,Wednesday,4,0.7,3.94,,960,0,0,0,0,8,0.806058333,-0.424047858
3/4/2015,Quarter1,sweing,Wednesday,11,0.8,11.41,433,0,38,0,0,0,56,0.800701754,-1.11770726
3/4/2015,Quarter1,sweing,Wednesday,3,0.8,29.4,1169,6840,63,0,0,0,57,0.800333333,1.871940459
3/4/2015,Quarter1,sweing,Wednesday,7,0.8,30.1,874,3960,50,0,0,0,59,0.800055762,-0.9174390693
3/4/2015,Quarter1,sweing,Wednesday,4,0.7,26.82,1028,6960,60,0,0,0,58,0.799975862,-0.5834316353
3/4/2015,Quarter1,sweing,Wednesday,1,0.7,26.82,1772,6960,50,0,0,0,58,0.750651724,-2.475913767
3/4/2015,Quarter1,sweing,Wednesday,10,0.7,21.82,1334,5760,30,0,0,0,53,0.700058333,0.6655400638
3/4/2015,Quarter1,finishing,Wednesday,7,0.8,4.6,,8400,0,0,0,0,20,0.684888889,-1.212868838
3/4/2015,Quarter1,finishing,Wednesday,5,0.7,4.6,,960,0,0,0,0,8,0.592083333,-1.58971658
3/4/2015,Quarter1,finishing,Wednesday,2,0.5,3.9,,960,0,0,0,0,8,0.5403125,-0.8459972028
3/4/2015,Quarter1,sweing,Wednesday,2,0.5,15.28,261,5520,0,0,0,1,46,0.404144928,-0.5495407794
3/4/2015,Quarter1,sweing,Wednesday,6,0.75,18.79,52,3960,0,0,0,0,33,0.332146465,0.5282351336
3/5/2015,Quarter1,finishing,Thursday,8,0.8,4.6,,2640,0,0,0,0,22,0.980984848,0.6045055537
3/5/2015,Quarter1,finishing,Thursday,2,0.6,3.9,,960,0,0,0,0,8,0.950625,-1.107399466
3/5/2015,Quarter1,finishing,Thursday,11,0.8,2.9,,1200,0,0,0,0,10,0.927291667,-0.2544169991
3/5/2015,Quarter1,finishing,Thursday,12,0.8,4.6,,1080,0,0,0,0,9,0.868888889,-0.9318388984
3/5/2015,Quarter1,finishing,Thursday,1,0.7,3.94,,960,0,0,0,0,8,0.812625,0.2304878434
3/5/2015,Quarter1,finishing,Thursday,4,0.7,3.94,,960,0,0,0,0,8,0.812625,0.6418048642
3/5/2015,Quarter1,finishing,Thursday,3,0.8,4.6,,1800,0,0,0,0,15,0.810111111,-0.4259407546
3/5/2015,Quarter1,sweing,Thursday,11,0.8,11.41,455,3420,50,0,0,0,56,0.800701754,-0.5300028675
3/5/2015,Quarter1,sweing,Thursday,3,0.8,29.4,797,1800,63,0,0,0,57,0.800534979,-0.1357102816
3/5/2015,Quarter1,sweing,Thursday,12,0.8,15.26,959,4080,50,0,0,0,34,0.800401961,-0.4989374216
3/5/2015,Quarter1,sweing,Thursday,1,0.7,26.82,1373,6960,50,0,0,0,58,0.750651724,-0.2592157955
3/5/2015,Quarter1,sweing,Thursday,9,0.75,18.79,1228,6240,45,0,0,0,52,0.750395513,-0.05731389243
3/5/2015,Quarter1,sweing,Thursday,10,0.7,21.82,1390,6000,30,0,0,0,50,0.700422,0.2853249453
3/5/2015,Quarter1,sweing,Thursday,2,0.6,15.28,529,1320,0,0,0,1,46,0.600099145,-1.316109885
3/5/2015,Quarter1,sweing,Thursday,7,0.8,30.1,834,1200,0,4,40,0,59,0.366053523,-0.2069728054
3/5/2015,Quarter1,sweing,Thursday,6,0.35,22.53,1450,2640,0,0,0,1,39,0.26369382,0.9183144967
3/7/2015,Quarter1,sweing,Saturday,12,0.8,15.26,986,4080,75,0,0,0,34,0.850520588,-0.03766833627
3/7/2015,Quarter1,sweing,Saturday,1,0.7,26.82,1267,8160,70,0,0,0,58,0.850045,0.5349906472
3/7/2015,Quarter1,finishing,Saturday,5,0.35,3.94,,2400,0,0,0,0,10,0.80575,-1.288600455
3/7/2015,Quarter1,sweing,Saturday,4,0.7,26.82,1195,6960,60,0,0,0,58,0.800746552,-1.821406962
3/7/2015,Quarter1,sweing,Saturday,3,0.8,29.4,983,6840,63,0,0,1,57,0.800578947,-0.09833922448
3/7/2015,Quarter1,sweing,Saturday,11,0.8,11.41,471,3420,50,0,0,0,58,0.800034503,0.1190525203
3/7/2015,Quarter1,sweing,Saturday,9,0.75,18.79,1226,3480,45,0,0,0,51,0.749987124,-1.757414652
3/7/2015,Quarter1,sweing,Saturday,10,0.7,21.82,1251,6000,30,0,0,0,50,0.700422,-1.774252038
3/7/2015,Quarter1,finishing,Saturday,1,0.7,3.94,,960,0,0,0,0,8,0.664875,-2.245501272
3/7/2015,Quarter1,finishing,Saturday,4,0.7,3.94,,960,0,0,0,0,8,0.664875,0.5558839247
3/7/2015,Quarter1,finishing,Saturday,11,0.8,2.9,,960,0,0,0,0,8,0.657083333,1.083430288
3/7/2015,Quarter1,sweing,Saturday,2,0.65,16.1,626,4200,0,0,0,1,45,0.65024031,0.4482943029
3/7/2015,Quarter1,finishing,Saturday,8,0.8,4.6,,3600,0,0,0,0,15,0.590740741,0.7362429998
3/7/2015,Quarter1,finishing,Saturday,2,0.65,3.9,,1920,0,0,0,0,8,0.528125,-0.9162492612
3/7/2015,Quarter1,sweing,Saturday,6,0.5,23.41,1379,2280,0,0,0,1,39,0.500528095,0.8607222603
3/8/2015,Quarter2,finishing,Sunday,3,0.8,4.6,,1440,0,0,0,0,12,0.951944444,-1.535658303
3/8/2015,Quarter2,finishing,Sunday,9,0.75,2.9,,1080,0,0,0,0,9,0.929074074,-1.168126596
3/8/2015,Quarter2,finishing,Sunday,1,0.75,3.94,,960,0,0,0,0,8,0.890604167,1.709930719
3/8/2015,Quarter2,finishing,Sunday,5,0.5,3.94,,960,0,0,0,0,8,0.857916667,-0.923993843
3/8/2015,Quarter2,sweing,Sunday,3,0.8,30.1,1278,3360,50,0,0,1,57,0.800511068,0.4213304517
3/8/2015,Quarter2,sweing,Sunday,12,0.8,15.26,1064,4080,63,0,0,0,34,0.800401961,0.5140642154
3/8/2015,Quarter2,sweing,Sunday,11,0.8,11.41,313,3420,50,0,0,0,58,0.800034503,-0.3700878321
3/8/2015,Quarter2,sweing,Sunday,9,0.75,18.79,1239,5640,45,0,0,0,52,0.750371895,-0.02133132229
3/8/2015,Quarter2,sweing,Sunday,10,0.7,21.82,1335,6000,30,0,0,0,50,0.700422,-0.09173390801
3/8/2015,Quarter2,sweing,Sunday,2,0.7,16.1,928,4800,30,0,0,1,45,0.700106061,-0.8395580733
3/8/2015,Quarter2,sweing,Sunday,8,0.6,30.48,869,6720,0,0,0,1,56,0.600528571,0.5406617572
3/8/2015,Quarter2,finishing,Sunday,8,0.6,3.9,,960,0,0,0,0,8,0.4509375,1.731122853
3/8/2015,Quarter2,finishing,Sunday,10,0.7,2.9,,960,0,0,0,0,8,0.441041667,0.3542690469
3/8/2015,Quarter2,finishing,Sunday,6,0.6,2.9,,960,0,0,0,0,8,0.271875,0.4399854332
3/9/2015,Quarter2,finishing,Monday,12,0.8,4.6,,0,1080,0,0,0,9,0.902962963,-0.6196010361
3/9/2015,Quarter2,finishing,Monday,5,0.6,3.94,,0,2880,0,0,0,12,0.864342593,0.5107137563
3/9/2015,Quarter2,sweing,Monday,4,0.75,26.82,1079,7020,65,0,0,0,58,0.850446154,0.4931849557
3/9/2015,Quarter2,sweing,Monday,1,0.75,26.82,1322,7140,65,0,0,0,59,0.850426891,-0.998065327
3/9/2015,Quarter2,finishing,Monday,9,0.75,2.9,,0,3600,0,0,0,15,0.841,1.371269508
3/9/2015,Quarter2,sweing,Monday,3,0.8,30.1,964,5160,50,0,0,1,58,0.800842424,1.720597184
3/9/2015,Quarter2,finishing,Monday,3,0.8,4.6,,0,1440,0,0,0,12,0.795416667,0.2085891275
3/9/2015,Quarter2,finishing,Monday,4,0.75,3.94,,0,960,0,0,0,8,0.7953875,-0.2763940639
3/9/2015,Quarter2,sweing,Monday,9,0.75,18.79,1193,6240,45,0,0,0,52,0.750395513,1.098325773
3/9/2015,Quarter2,sweing,Monday,2,0.7,16.1,817,5520,30,0,0,1,45,0.700516224,-1.416449221
3/9/2015,Quarter2,sweing,Monday,6,0.65,23.41,1262,4560,35,0,0,1,38,0.650962281,-0.05468857754
3/9/2015,Quarter2,sweing,Monday,8,0.65,30.48,953,6720,26,0,0,1,56,0.650421429,-0.8514779432
3/9/2015,Quarter2,sweing,Monday,5,0.6,26.82,919,7080,23,0,0,1,59,0.600040678,-1.256691727
3/9/2015,Quarter2,sweing,Monday,7,0.5,30.48,1161,6600,0,0,0,1,55,0.500610909,2.40705746
3/9/2015,Quarter2,finishing,Monday,10,0.7,2.9,,0,960,0,0,0,8,0.477291667,-1.202598025
3/9/2015,Quarter2,finishing,Monday,8,0.65,3.9,,0,960,0,0,0,8,0.2640625,-1.327212164
3/10/2015,Quarter2,finishing,Tuesday,5,0.6,3.94,,1440,0,0,0,0,12,0.909391667,-0.6313146725
3/10/2015,Quarter2,sweing,Tuesday,1,0.75,26.82,1574,7080,75,0,0,0,59,0.900061017,0.3604843483
3/10/2015,Quarter2,finishing,Tuesday,3,0.8,4.6,,1440,0,0,0,0,12,0.894444444,1.685885628
3/10/2015,Quarter2,finishing,Tuesday,1,0.75,3.94,,960,0,0,0,0,8,0.880754167,1.263586005
3/10/2015,Quarter2,sweing,Tuesday,4,0.75,26.82,1104,5880,65,0,0,0,59,0.850084211,-0.07442999802
3/10/2015,Quarter2,finishing,Tuesday,9,0.75,2.9,,1800,0,0,0,0,15,0.821666667,0.5069549183
3/10/2015,Quarter2,sweing,Tuesday,3,0.8,30.1,756,6960,63,0,0,1,58,0.800071839,-0.370008409
3/10/2015,Quarter2,sweing,Tuesday,11,0.8,11.41,338,3420,50,0,0,0,58,0.800034503,0.8419342918
3/10/2015,Quarter2,finishing,Tuesday,2,0.7,3.9,,960,0,0,0,0,8,0.741,0.6458898667
3/10/2015,Quarter2,sweing,Tuesday,8,0.7,30.48,923,6840,30,0,0,1,57,0.700505263,0.7879132078
3/10/2015,Quarter2,sweing,Tuesday,6,0.7,23.41,1180,4560,30,0,0,1,38,0.700246491,-0.05372034157
3/10/2015,Quarter2,sweing,Tuesday,5,0.65,26.82,1001,7080,26,0,0,1,59,0.650044068,1.326053848
3/11/2015,Quarter2,finishing,Wednesday,12,0.8,4.6,,2160,0,0,0,0,9,0.922839506,-1.2279105
3/11/2015,Quarter2,finishing,Wednesday,2,0.75,3.9,,1920,0,0,0,0,8,0.819270833,-0.1095989043
3/11/2015,Quarter2,finishing,Wednesday,4,0.75,3.94,,1920,0,0,0,0,8,0.813309028,1.047476709
3/11/2015,Quarter2,finishing,Wednesday,1,0.75,3.94,,1920,0,0,0,0,8,0.812625,1.315018275
3/11/2015,Quarter2,finishing,Wednesday,3,0.8,4.6,,1920,0,0,0,0,8,0.786631944,0.1129980991
3/11/2015,Quarter2,sweing,Wednesday,10,0.75,21.82,1674,6000,34,0,0,0,50,0.750608,-0.478433816
3/11/2015,Quarter2,sweing,Wednesday,9,0.75,18.79,290,5040,45,0,0,0,52,0.750347333,-0.9573921223
3/11/2015,Quarter2,sweing,Wednesday,2,0.75,16.1,971,5400,45,0,0,1,45,0.750140741,0.006641120516
3/11/2015,Quarter2,sweing,Wednesday,1,0.75,26.82,1322,7080,45,0,0,0,59,0.750050847,0.7824797554
3/11/2015,Quarter2,sweing,Wednesday,4,0.75,26.82,1054,7080,45,0,0,0,59,0.750050847,0.6886816276
3/11/2015,Quarter2,sweing,Wednesday,5,0.7,26.82,992,6960,30,0,0,1,58,0.700556897,-0.4264552565
3/11/2015,Quarter2,sweing,Wednesday,8,0.7,30.48,914,6840,30,0,0,1,57,0.700505263,0.8124936976
3/11/2015,Quarter2,sweing,Wednesday,6,0.7,23.41,1128,4560,40,0,0,1,38,0.700246491,1.71056033
3/11/2015,Quarter2,sweing,Wednesday,7,0.65,30.48,935,6840,26,0,0,1,57,0.650596491,-1.343364492
3/11/2015,Quarter2,finishing,Wednesday,10,0.75,2.9,,960,0,0,0,0,8,0.628333333,-2.860065817
3/11/2015,Quarter2,finishing,Wednesday,8,0.7,3.9,,960,0,0,0,0,8,0.625625,-0.6957424931
3/11/2015,Quarter2,finishing,Wednesday,9,0.75,2.9,,1800,0,0,0,0,15,0.505888889,-0.08336324953
3/11/2015,Quarter2,finishing,Wednesday,6,0.7,2.9,,720,0,0,0,0,6,0.394722222,0.6731614316